{
	"resourceType": "Consent",
	"id": "0432107d-0a5f-4767-aa93-b9353b2392c9",
	"meta": {
		"profile": [
			"https://www.netzwerk-universitaetsmedizin.de/fhir/StructureDefinition/do-not-resuscitate-order"
		]
	},
	"status": "active",
	"scope": {
		"coding": [
			{
				"system": "http://terminology.hl7.org/CodeSystem/consentscope",
				"code": "adr",
				"display": "Advanced Care Directive"
			}
		]
	},
	"category": [
		{
			"coding": [
				{
					"system": "http://terminology.hl7.org/CodeSystem/consentcategorycodes",
					"code": "dnr",
					"display": "Do Not Resuscitate"
				}
			]
		}
	],
	"patient": {
		"reference": "Patient/c786ac3c-0579-4aa2-adda-db784b214ad6"
	},
	"policy": [
		{
			"uri": "https://www.aerzteblatt.de/archiv/65440/DNR-Anordnungen-Das-fehlende-Bindeglied"
		}
	],
	"provision": {
		"code": [
			{
				"coding": [
					{
						"system": "http://snomed.info/sct",
						"code": "261665006",
						"display": "Unknown"
					}
				]
			}
		]
	}
}