{
	"resourceType": "Procedure",
	"id": "0ecfbae7-743f-4c35-aa4e-428890deb9df",
	"meta": {
		"profile": [
			"https://www.netzwerk-universitaetsmedizin.de/fhir/StructureDefinition/respiratory-therapies"
		]
	},
	"status": "not-done",
	"category": {
		"coding": [
			{
				"system": "http://snomed.info/sct",
				"code": "277132007",
				"display": "Therapeutic procedure (procedure)"
			}
		]
	},
	"code": {
		"coding": [
			{
				"system": "http://snomed.info/sct",
				"code": "53950000",
				"display": "Respiratory therapy (procedure)"
			}
		]
	},
	"subject": {
		"reference": "Patient/example"
	},
	"_performedDateTime": {
		"extension": [
			{
				"url": "http://hl7.org/fhir/StructureDefinition/data-absent-reason",
				"valueCode": "not-performed"
			}
		]
	}
}