{
	"resourceType": "Observation",
	"id": "162918dc-dc70-4767-a6d5-34c7d67e280a",
	"meta": {
		"profile": [
			"https://www.netzwerk-universitaetsmedizin.de/fhir/StructureDefinition/body-temperature"
		]
	},
	"identifier": [
		{
			"type": {
				"coding": [
					{
						"system": "http://terminology.hl7.org/CodeSystem/v2-0203",
						"code": "OBI"
					}
				]
			},
			"system": "https://www.charite.de/fhir/CodeSystem/observation-identifiers",
			"value": "8310-5_BodyTemperature",
			"assigner": {
				"reference": "Organization/Charité"
			}
		}
	],
	"status": "final",
	"category": [
		{
			"coding": [
				{
					"system": "http://terminology.hl7.org/CodeSystem/observation-category",
					"code": "vital-signs"
				}
			]
		}
	],
	"code": {
		"coding": [
			{
				"system": "http://loinc.org",
				"code": "8310-5",
				"display": "Body temperature"
			},
			{
				"system": "http://snomed.info/sct",
				"code": "386725007",
				"display": "Body temperature (observable entity)"
			}
		],
		"text": "Body temperature"
	},
	"subject": {
		"reference": "Patient/c786ac3c-0579-4aa2-adda-db784b214ad6"
	},
	"effectiveDateTime": "2020-09-25",
	"valueQuantity": {
		"value": 36.8,
		"unit": "°C",
		"system": "http://unitsofmeasure.org",
		"code": "Cel"
	}
}