{
	"resourceType": "Procedure",
	"id": "7da8302b-b1b5-40bb-978e-210664998e18",
	"meta": {
		"profile": [
			"https://www.netzwerk-universitaetsmedizin.de/fhir/StructureDefinition/respiratory-therapies"
		]
	},
	"status": "in-progress",
	"category": {
		"coding": [
			{
				"system": "http://snomed.info/sct",
				"code": "277132007",
				"display": "Therapeutic procedure (procedure)"
			}
		]
	},
	"code": {
		"coding": [
			{
				"system": "http://snomed.info/sct",
				"code": "53950000",
				"display": "Respiratory therapy (procedure)"
			}
		]
	},
	"subject": {
		"reference": "Patient/example"
	},
	"performedDateTime": "2020-09-21"
}