{
	"resourceType": "Observation",
	"id": "80ac4908-3637-476d-a416-9ab7ed7474e6",
	"meta": {
		"profile": [
			"https://www.netzwerk-universitaetsmedizin.de/fhir/StructureDefinition/body-weight"
		]
	},
	"identifier": [
		{
			"type": {
				"coding": [
					{
						"system": "http://terminology.hl7.org/CodeSystem/v2-0203",
						"code": "OBI"
					}
				]
			},
			"system": "https://www.charite.de/fhir/CodeSystem/observation-identifiers",
			"value": "29463-7_BodyWeight",
			"assigner": {
				"reference": "Organization/Charité"
			}
		}
	],
	"status": "final",
	"category": [
		{
			"coding": [
				{
					"system": "http://terminology.hl7.org/CodeSystem/observation-category",
					"code": "vital-signs"
				}
			]
		}
	],
	"code": {
		"coding": [
			{
				"system": "http://loinc.org",
				"code": "29463-7",
				"display": "Body weight"
			},
			{
				"system": "http://snomed.info/sct",
				"code": "27113001",
				"display": "Body weight (observable entity)"
			}
		],
		"text": "Body weight"
	},
	"subject": {
		"reference": "Patient/c786ac3c-0579-4aa2-adda-db784b214ad6"
	},
	"effectiveDateTime": "2020-10-02",
	"valueQuantity": {
		"value": 84,
		"unit": "kilogram",
		"system": "http://unitsofmeasure.org",
		"code": "kg"
	}
}