{
    "resourceType": "Procedure",
    "id": "9fec44ce-5f2b-4814-8a71-6354e69a26b2",
    "meta": {
        "profile": [
            "https://www.netzwerk-universitaetsmedizin.de/fhir/StructureDefinition/respiratory-therapies"
        ]
    },
    "status": "in-progress",
    "category": {
        "coding": [
            {
                "system": "http://snomed.info/sct",
                "code": "277132007",
                "display": "Therapeutic procedure (procedure)"
            }
        ]
    },
    "code": {
        "coding": [
            {
                "system": "http://snomed.info/sct",
                "code": "53950000",
                "display": "Respiratory therapy (procedure)"
            }
        ]
    },
    "subject": {
        "reference": "Patient/example"
    },
    "performedPeriod": {
        "start": "2020-12-12"
    }
}