{
	"resourceType": "Observation",
	"id": "example-observation-resp-rate-on-ventilator",
	"meta": {
		"profile": [
			"https://www.netzwerk-universitaetsmedizin.de/fhir/StructureDefinition/respiratory-rate"
		]
	},
	"identifier": [
		{
			"type": {
				"coding": [
					{
						"system": "http://terminology.hl7.org/CodeSystem/v2-0203",
						"code": "OBI"
					}
				]
			},
			"system": "https://www.charite.de/fhir/CodeSystem/observation-identifiers",
			"value": "9279-1_RespiratoryRate",
			"assigner": {
				"reference": "Organization/Charité"
			}
		}
	],
	"status": "final",
	"category": [
		{
			"coding": [
				{
					"system": "http://terminology.hl7.org/CodeSystem/observation-category",
					"code": "vital-signs"
				}
			]
		}
	],
	"code": {
		"coding": [
			{
				"system": "http://loinc.org",
				"code": "9279-1",
				"display": "Respiratory rate"
			},
			{
				"system": "http://loinc.org",
				"code": "19840-8",
				"display": "Breath rate spontaneous and mechanical --on ventilator"
			},
			{
				"system": "http://snomed.info/sct",
				"code": "86290005",
				"display": "Respiratory rate (observable entity)"
			}
		],
		"text": "Respiratory rate on ventilator"
	},
	"subject": {
		"reference": "Patient/c786ac3c-0579-4aa2-adda-db784b214ad6"
	},
	"effectiveDateTime": "2021-04-14",
	"valueQuantity": {
		"value": 16,
		"unit": "per minute",
		"system": "http://unitsofmeasure.org",
		"code": "/min"
	}
}