{
	"resourceType": "Observation",
	"id": "aa5ae7bb-2c60-4a19-a588-933ca9aa18fc",
	"meta": {
		"profile": [
			"https://www.netzwerk-universitaetsmedizin.de/fhir/StructureDefinition/pregnancy-status"
		]
	},
	"identifier": [
		{
			"type": {
				"coding": [
					{
						"system": "http://terminology.hl7.org/CodeSystem/v2-0203",
						"code": "OBI"
					}
				]
			},
			"system": "https://www.charite.de/fhir/CodeSystem/observation-identifiers",
			"value": "82810-3_PregnancyDtatus",
			"assigner": {
				"reference": "Organization/Charité"
			}
		}
	],
	"status": "final",
	"category": [
		{
			"coding": [
				{
					"system": "http://terminology.hl7.org/CodeSystem/observation-category",
					"code": "social-history"
				}
			]
		}
	],
	"code": {
		"coding": [
			{
				"system": "http://loinc.org",
				"code": "82810-3",
				"display": "Pregnancy status"
			}
		],
		"text": "Pregnancy status"
	},
	"subject": {
		"reference": "Patient/c786ac3c-0579-4aa2-adda-db784b214ad6"
	},
	"effectiveDateTime": "2020-10-02",
	"valueCodeableConcept": {
		"coding": [
			{
				"system": "http://loinc.org",
				"code": "LA26683-5",
				"display": "Not pregnant"
			},
			{
				"system": "http://snomed.info/sct",
				"code": "60001007",
				"display": "Not pregnant (finding)"
			}
		]
	}
}