{
	"resourceType": "Observation",
	"id": "ac8b697d-7088-4fbe-9ece-51df2d3f1e04",
	"meta": {
		"profile": [
			"https://www.netzwerk-universitaetsmedizin.de/fhir/StructureDefinition/pH"
		]
	},
	"identifier": [
		{
			"type": {
				"coding": [
					{
						"system": "http://terminology.hl7.org/CodeSystem/v2-0203",
						"code": "OBI"
					}
				]
			},
			"system": "https://www.charite.de/fhir/CodeSystem/lab-identifiers",
			"value": "2744-1_pH",
			"assigner": {
				"reference": "Organization/Charité"
			}
		}
	],
	"status": "final",
	"category": [
		{
			"coding": [
				{
					"system": "http://loinc.org",
					"code": "26436-6"
				},
				{
					"system": "http://terminology.hl7.org/CodeSystem/observation-category",
					"code": "laboratory"
				},
				{
					"system": "http://loinc.org",
					"code": "18767-4"
				}
			]
		}
	],
	"code": {
		"coding": [
			{
				"system": "http://loinc.org",
				"code": "2744-1",
				"display": "pH of Arterial blood"
			}
		],
		"text": "pH of Arterial blood"
	},
	"subject": {
		"reference": "Patient/c786ac3c-0579-4aa2-adda-db784b214ad6"
	},
	"effectiveDateTime": "2020-09-21",
	"valueQuantity": {
		"value": 7.4,
		"unit": "pH",
		"system": "http://unitsofmeasure.org",
		"code": "[pH]"
	}
}