{
	"resourceType": "Procedure",
	"id": "b04e07b7-464f-4f13-a6a2-5f3304156c5c",
	"meta": {
		"profile": [
			"https://www.netzwerk-universitaetsmedizin.de/fhir/StructureDefinition/respiratory-therapies"
		]
	},
	"status": "unknown",
	"category": {
		"coding": [
			{
				"system": "http://snomed.info/sct",
				"code": "277132007",
				"display": "Therapeutic procedure (procedure)"
			}
		]
	},
	"code": {
		"coding": [
			{
				"system": "http://snomed.info/sct",
				"code": "53950000",
				"display": "Respiratory therapy (procedure)"
			}
		]
	},
	"subject": {
		"reference": "Patient/example"
	},
	"_performedDateTime": {
		"extension": [
			{
				"url": "http://hl7.org/fhir/StructureDefinition/data-absent-reason",
				"valueCode": "unknown"
			}
		]
	}
}