<ValueSet xmlns="http://hl7.org/fhir">
    <id value="2.16.840.1.113883.3.1937.99.61.65.11.4--20200706120216"/>
    <meta>
        <profile value="http://hl7.org/fhir/StructureDefinition/shareablevalueset"/><!--<profile value="http://hl7.org/fhir/4.0/StructureDefinition/ValueSet"/>-->
    </meta>
    <extension url="http://hl7.org/fhir/StructureDefinition/resource-effectivePeriod">
        <valuePeriod>
            <start value="2020-07-06T12:02:16+02:00"/>
        </valuePeriod>
    </extension>
    <url value="https://www.netzwerk-universitaetsmedizin.de/fhir/ValueSet/birth-sex"/>
    <identifier>
        <use value="official"/>
        <system value="http://art-decor.org/ns/oids/vs"/>
        <value value="2.16.840.1.113883.3.1937.99.61.65.11.4"/>
    </identifier>
    <version value="1.0"/>
    <name value="BirthSex"/>
    <title value="Birth-Sex"/>
    <status value="active"/>
    <experimental value="false"/>
    <publisher value="Charité"/>
    <description value="Sex at birth"/>
    <immutable value="false"/>
    <compose>
        <include>
            <system value="http://hl7.org/fhir/administrative-gender"/>
            <concept>
                <code value="male"/>
                <display value="Male"/>
            </concept>
            <concept>
                <code value="female"/>
                <display value="Female"/>
            </concept>
            <concept>
                <code value="unknown"/>
                <display value="Unknown"/>
            </concept>
        </include>
        <include>
            <system value="http://fhir.de/CodeSystem/gender-amtlich-de"/>
            <concept>
                <code value="X"/>
                <display value="unbestimmt"/>
            </concept>
            <concept>
                <code value="D"/>
                <display value="divers"/>
            </concept>
        </include>
    </compose>
</ValueSet>