{
	"resourceType": "Observation",
	"id": "c8079220-594c-42dc-8cea-7a52a6833c2c",
	"meta": {
		"profile": [
			"https://www.netzwerk-universitaetsmedizin.de/fhir/StructureDefinition/heart-rate"
		]
	},
	"identifier": [
		{
			"type": {
				"coding": [
					{
						"system": "http://terminology.hl7.org/CodeSystem/v2-0203",
						"code": "OBI"
					}
				]
			},
			"system": "https://www.charite.de/fhir/CodeSystem/observation-identifiers",
			"value": "8867-4_HeartRate",
			"assigner": {
				"reference": "Organization/Charité"
			}
		}
	],
	"status": "final",
	"category": [
		{
			"coding": [
                {
					"system": "http://terminology.hl7.org/CodeSystem/observation-category",
					"code": "vital-signs"
				}
			]
		}
	],
	"code": {
		"coding": [
			{
				"system": "http://loinc.org",
				"code": "8867-4",
				"display": "Heart rate"
			},
			{
				"system": "http://snomed.info/sct",
				"code": "364075005",
				"display": "Heart rate (observable entity)"
			}
		],
		"text": "Heart rate"
	},
	"subject": {
		"reference": "Patient/c786ac3c-0579-4aa2-adda-db784b214ad6"
	},
	"effectiveDateTime": "2020-09-25",
	"valueQuantity": {
		"value": 81,
		"unit": "per minute",
		"system": "http://unitsofmeasure.org",
		"code": "/min"
	}
}