<ValueSet xmlns="http://hl7.org/fhir">
    <id value="1.2.276.0.76.11.495--20200504212332"/>
    <meta>
        <profile value="http://hl7.org/fhir/StructureDefinition/shareablevalueset"/>
        <!--<profile value="http://hl7.org/fhir/4.0/StructureDefinition/ValueSet"/>-->
    </meta>
    <extension url="http://hl7.org/fhir/StructureDefinition/resource-effectivePeriod">
        <valuePeriod>
            <start value="2020-05-04T21:23:32+02:00"/>
        </valuePeriod>
    </extension>
    <url value="https://www.netzwerk-universitaetsmedizin.de/fhir/ValueSet/cardiovascular-diseases-icd"/>
    <identifier>
        <use value="official"/>
        <system value="http://art-decor.org/ns/oids/vs"/>
        <value value="1.2.276.0.76.11.495"/>
    </identifier>
    <version value="1.0.4"/>
    <name value="CardiovascularDiseasesICD"/>
    <title value="Cardiovascular Diseases ICD-10-GM"/>
    <status value="active"/>
    <experimental value="false"/>
    <publisher value="Charité"/>
    <description value="Cardiovascular diseases in the context of Covid-19 from ICD-10-GM"/>
    <immutable value="false"/>
    <compose>
        <include>
            <system value="http://fhir.de/CodeSystem/dimdi/icd-10-gm"/>
            <version value="2021"/>
            <concept>
                <code value="I25.29"/>
                <display value="Alter Myokardinfarkt Nicht näher bezeichnet"/>
            </concept>
            <concept>
                <code value="I10.90"/>
                <display value="Essentielle Hypertonie, nicht näher bezeichnet : Ohne Angabe einer hypertensiven Krise"/>
            </concept>
            <concept>
                <code value="I73.9"/>
                <display value="Periphere Gefäßkrankheit, nicht näher bezeichnet"/>
            </concept>
            <concept>
                <code value="I49.9"/>
                <display value="Kardiale Arrhythmie, nicht näher bezeichnet"/>
            </concept>
            <concept>
                <code value="I50.9"/>
                <display value="Herzinsuffizienz, nicht näher bezeichnet"/>
            </concept>
            <concept>
                <code value="I25.1"/>
                <display value="Atherosklerotische Herzkrankheit"/>
            </concept>
            <concept>
                <code value="I65.2"/>
                <display value="Verschluss und Stenose der A. carotis"/>
            </concept>
            <concept>
                <code value="Z95.1"/>
                <display value="Vorhandensein eines aortokoronaren Bypasses"/>
            </concept>
            <concept>
                <code value="Z95.5"/>
                <display value="Vorhandensein eines Implantates oder Transplantates nach koronarer Gefäßplastik"/>
            </concept>
        </include>
        <include>
            <system value="http://fhir.de/CodeSystem/dimdi/icd-10-gm"/>
            <filter>
                <property value="concept"/>
                <op value="regex"/>
                <value value="^I.*"/>
            </filter>
            <filter>
                <property value="child"/>
                <op value="exists"/>
                <value value="false"/>
            </filter>
        </include>
    </compose>
</ValueSet>