<ValueSet xmlns="http://hl7.org/fhir">
    <id value="1.2.276.0.76.11.524--20200618143847"/>
    <meta>
        <profile value="http://hl7.org/fhir/StructureDefinition/shareablevalueset"/><!--<profile value="http://hl7.org/fhir/4.0/StructureDefinition/ValueSet"/>-->
    </meta>
    <extension url="http://hl7.org/fhir/StructureDefinition/resource-effectivePeriod">
        <valuePeriod>
            <start value="2020-06-18T14:38:47+02:00"/>
        </valuePeriod>
    </extension>
    <url value="https://www.netzwerk-universitaetsmedizin.de/fhir/ValueSet/certainty-of-absence"/>
    <identifier>
        <use value="official"/>
        <system value="http://art-decor.org/ns/oids/vs"/>
        <value value="1.2.276.0.76.11.524"/>
    </identifier>
    <version value="1.0"/>
    <name value="CertaintyOfAbsence"/>
    <title value="Certainty of Absence"/>
    <status value="active"/>
    <experimental value="false"/>
    <publisher value="Charité"/>
    <description value="Captures the degree certainty of the non-existence of a condition."/>
    <immutable value="false"/>
    <copyright value="This artefact includes content from SNOMED Clinical Terms® (SNOMED CT®) which is copyright of the International Health Terminology Standards Development Organisation (IHTSDO). Implementers of these artefacts must have the appropriate SNOMED CT Affiliate license - for more information contact http://www.snomed.org/snomed-ct/getsnomed-ct or info@snomed.org."/>
    <compose>
        <include>
            <system value="http://snomed.info/sct"/>
            <concept>
                <code value="410594000"/>
                <display value="Definitely NOT present (qualifier value)"/>
            </concept>
            <concept>
                <code value="723511001"/>
                <display value="Refuted (qualifier value)"/>
            </concept>
        </include>
    </compose>
</ValueSet>