{
	"resourceType": "Observation",
	"id": "cf5b0f7f-c05f-4620-9f7b-cd1372f44900",
	"meta": {
		"profile": [
			"https://www.netzwerk-universitaetsmedizin.de/fhir/StructureDefinition/smoking-status"
		]
	},
	"status": "final",
	"category": [
		{
			"coding": [
				{
					"system": "http://terminology.hl7.org/CodeSystem/observation-category",
					"code": "social-history",
					"display": "Social History"
				}
			]
		}
	],
	"code": {
		"coding": [
			{
				"system": "http://loinc.org",
				"code": "72166-2",
				"display": "Tobacco smoking status"
			}
		]
	},
	"subject": {
		"reference": "Patient/example"
	},
	"effectiveDateTime": "2020-09-21",
	"valueCodeableConcept": {
		"coding": [
			{
				"system": "http://loinc.org",
				"code": "LA18978-9",
				"display": "Never smoker"
			}
		],
		"text": "Patient is nonsmoker"
	}
}