<ValueSet xmlns="http://hl7.org/fhir">
    <id value="1.2.276.0.76.11.470--20200425212714"/>
    <meta>
        <profile value="http://hl7.org/fhir/StructureDefinition/shareablevalueset"/>
        <!--<profile value="http://hl7.org/fhir/4.0/StructureDefinition/ValueSet"/>-->
    </meta>
    <extension url="http://hl7.org/fhir/StructureDefinition/resource-effectivePeriod">
        <valuePeriod>
            <start value="2020-04-25T21:27:14+02:00"/>
        </valuePeriod>
    </extension>
    <url value="https://www.netzwerk-universitaetsmedizin.de/fhir/ValueSet/chronic-lung-diseases"/>
    <identifier>
        <use value="official"/>
        <system value="http://art-decor.org/ns/oids/vs"/>
        <value value="1.2.276.0.76.11.470"/>
    </identifier>
    <version value="1.0"/>
    <name value="ChronicLungDiseases"/>
    <title value="Chronic Lung Diseases"/>
    <status value="active"/>
    <experimental value="false"/>
    <publisher value="Charité"/>
    <description value="Chronic lung diseases in the context of Covid-19"/>
    <immutable value="false"/>
    <copyright value="This artefact includes content from SNOMED Clinical Terms® (SNOMED CT®) which is copyright of the International Health Terminology Standards Development Organisation (IHTSDO). Implementers of these artefacts must have the appropriate SNOMED CT Affiliate license - for more information contact http://www.snomed.org/snomed-ct/getsnomed-ct or info@snomed.org."/>
    <compose>
        <include>
            <system value="http://snomed.info/sct"/>
            <concept>
                <code value="195967001"/>
                <display value="Asthma (disorder)"/>
                <designation>
                    <language value="de-DE"/>
                    <use>
                        <system value="http://snomed.info/sct"/>
                        <code value="900000000000013009"/>
                        <display value="Synonym"/>
                    </use>
                    <value value="Asthma"/>
                </designation>
            </concept>
            <concept>
                <code value="13645005"/>
                <display value="Chronic obstructive lung disease (disorder)"/>
                <designation>
                    <language value="de-DE"/>
                    <use>
                        <system value="http://snomed.info/sct"/>
                        <code value="900000000000013009"/>
                        <display value="Synonym"/>
                    </use>
                    <value value="COPD"/>
                </designation>
            </concept>
            <concept>
                <code value="51615001"/>
                <display value="Fibrosis of lung (disorder)"/>
                <designation>
                    <language value="de-DE"/>
                    <use>
                        <system value="http://snomed.info/sct"/>
                        <code value="900000000000013009"/>
                        <display value="Synonym"/>
                    </use>
                    <value value="Lungenfibrose"/>
                </designation>
            </concept>
            <concept>
                <code value="70995007"/>
                <display value="Pulmonary hypertension (disorder)"/>
                <designation>
                    <language value="de-DE"/>
                    <use>
                        <system value="http://snomed.info/sct"/>
                        <code value="900000000000013009"/>
                        <display value="Synonym"/>
                    </use>
                    <value value="Lungenhochdruck/pulmonale Hypertonie"/>
                </designation>
            </concept>
            <concept>
                <code value="190966007"/>
                <display value="Extreme obesity with alveolar hypoventilation (disorder)"/>
                <designation>
                    <language value="de-DE"/>
                    <use>
                        <system value="http://snomed.info/sct"/>
                        <code value="900000000000013009"/>
                        <display value="Synonym"/>
                    </use>
                    <value value="OHS"/>
                </designation>
            </concept>
            <concept>
                <code value="73430006"/>
                <display value="Sleep apnea (disorder)"/>
                <designation>
                    <language value="de-DE"/>
                    <use>
                        <system value="http://snomed.info/sct"/>
                        <code value="900000000000013009"/>
                        <display value="Synonym"/>
                    </use>
                    <value value="Schlafapnoe"/>
                </designation>
            </concept>
            <concept>
                <code value="78275009"/>
                <display value="Obstructive sleep apnea syndrome (disorder)"/>
                <designation>
                    <language value="de-DE"/>
                    <use>
                        <system value="http://snomed.info/sct"/>
                        <code value="900000000000013009"/>
                        <display value="Synonym"/>
                    </use>
                    <value value="OSAS"/>
                </designation>
            </concept>
            <concept>
                <code value="190905008"/>
                <display value="Cystic fibrosis (disorder)"/>
                <designation>
                    <language value="de-DE"/>
                    <use>
                        <system value="http://snomed.info/sct"/>
                        <code value="900000000000013009"/>
                        <display value="Synonym"/>
                    </use>
                    <value value="Cystische Fibrose"/>
                </designation>
            </concept>
        </include>
        <include>
            <system value="http://snomed.info/sct"/>
            <filter>
                <property value="concept"/>
                <op value="is-a"/>
                <value value="106048009"/>
            </filter>
        </include>
    </compose>
</ValueSet>