<ValueSet xmlns="http://hl7.org/fhir">
    <id value="1.2.276.0.76.11.493--20200504195012" />
    <meta>
        <profile value="http://hl7.org/fhir/StructureDefinition/shareablevalueset" />
        <!--<profile value="http://hl7.org/fhir/4.0/StructureDefinition/ValueSet"/>-->
    </meta>
    <extension url="http://hl7.org/fhir/StructureDefinition/resource-effectivePeriod">
        <valuePeriod>
            <start value="2020-05-04T19:50:12+02:00" />
        </valuePeriod>
    </extension>
    <url value="https://www.netzwerk-universitaetsmedizin.de/fhir/ValueSet/chronic-lung-diseases-icd" />
    <identifier>
        <use value="official" />
        <system value="http://art-decor.org/ns/oids/vs" />
        <value value="1.2.276.0.76.11.493" />
    </identifier>
    <version value="1.0.4" />
    <name value="ChronicLungDiseasesICD" />
    <title value="Chronic Lung Diseases ICD-10-GM" />
    <status value="active" />
    <experimental value="false" />
    <publisher value="Charité" />
    <description value="Chronic lung diseases in the context of Covid-19 from ICD-10-GM" />
    <immutable value="false" />
    <compose>
        <include>
            <system value="http://fhir.de/CodeSystem/dimdi/icd-10-gm" />
            <version value="2021"/>
            <concept>
                <code value="G47.3" />
                <display value="Schlafapnoe" />
            </concept>
            <concept>
                <code value="G47.31" />
                <display value="Obstruktives Schlafapnoe-Syndrom" />
            </concept>
            <concept>
                <code value="E66.29" />
                <display value="Übermäßige Adipositas mit alveolärer Hypoventilation : Grad oder Ausmaß der Adipositas nicht näher bezeichnet" />
            </concept>
            <concept>
                <code value="I27.0" />
                <display value="Primäre pulmonale Hypertonie" />
            </concept>
            <concept>
                <code value="J84.1" />
                <display value="Sonstige interstitielle Lungenkrankheiten mit Fibrose" />
            </concept>
            <concept>
                <code value="J60" />
                <display value="Kohlenbergarbeiter-Pneumokoniose" />
            </concept>
            <concept>
                <code value="J61" />
                <display value="Pneumokoniose durch Asbest und sonstige anorganische Fasern" />
            </concept>
            <concept>
                <code value="J64" />
                <display value="Nicht näher bezeichnete Pneumokoniose" />
            </concept>
            <concept>
                <code value="Z87.0" />
                <display value="Krankheiten des Atmungssystems in der Eigenanamnese" />
            </concept>
            <concept>
                <code value="J44.9" />
                <display value="Chronische obstruktive Lungenkrankheit, nicht näher bezeichnet" />
            </concept>
            <concept>
                <code value="J45.9" />
                <display value="Asthma bronchiale, nicht näher bezeichnet" />
            </concept>
            <concept>
                <code value="E84.9" />
                <display value="Zystische Fibrose, nicht näher bezeichnet" />
            </concept>
        </include>
        <include>
            <system value="http://fhir.de/CodeSystem/dimdi/icd-10-gm" />
            <filter>
                <property value="concept" />
                <op value="is-a" />
                <value value="G47.3" />
            </filter>
            <filter>
                <property value="child" />
                <op value="exists" />
                <value value="false" />
            </filter>
        </include>
        <include>
            <system value="http://fhir.de/CodeSystem/dimdi/icd-10-gm" />
            <filter>
                <property value="concept" />
                <op value="is-a" />
                <value value="E66.2" />
            </filter>
            <filter>
                <property value="child" />
                <op value="exists" />
                <value value="false" />
            </filter>
        </include>
        <include>
            <system value="http://fhir.de/CodeSystem/dimdi/icd-10-gm" />
            <filter>
                <property value="concept" />
                <op value="is-a" />
                <value value="I27" />
            </filter>
            <filter>
                <property value="child" />
                <op value="exists" />
                <value value="false" />
            </filter>
        </include>
        <include>
            <system value="http://fhir.de/CodeSystem/dimdi/icd-10-gm" />
            <filter>
                <property value="concept" />
                <op value="is-a" />
                <value value="J62" />
            </filter>
            <filter>
                <property value="child" />
                <op value="exists" />
                <value value="false" />
            </filter>
        </include>
        <include>
            <system value="http://fhir.de/CodeSystem/dimdi/icd-10-gm" />
            <filter>
                <property value="concept" />
                <op value="is-a" />
                <value value="J63" />
            </filter>
            <filter>
                <property value="child" />
                <op value="exists" />
                <value value="false" />
            </filter>
        </include>
        <include>
            <system value="http://fhir.de/CodeSystem/dimdi/icd-10-gm" />
            <filter>
                <property value="concept" />
                <op value="is-a" />
                <value value="J44" />
            </filter>
            <filter>
                <property value="child" />
                <op value="exists" />
                <value value="false" />
            </filter>
        </include>
        <include>
            <system value="http://fhir.de/CodeSystem/dimdi/icd-10-gm" />
            <filter>
                <property value="concept" />
                <op value="is-a" />
                <value value="J45" />
            </filter>
            <filter>
                <property value="child" />
                <op value="exists" />
                <value value="false" />
            </filter>
        </include>
        <include>
            <system value="http://fhir.de/CodeSystem/dimdi/icd-10-gm" />
            <filter>
                <property value="concept" />
                <op value="is-a" />
                <value value="E84" />
            </filter>
            <filter>
                <property value="child" />
                <op value="exists" />
                <value value="false" />
            </filter>
        </include>
        <include>
            <system value="http://fhir.de/CodeSystem/dimdi/icd-10-gm" />
            <filter>
                <property value="concept" />
                <op value="is-a" />
                <value value="J66" />
            </filter>
            <filter>
                <property value="child" />
                <op value="exists" />
                <value value="false" />
            </filter>
        </include>
        <include>
            <system value="http://fhir.de/CodeSystem/dimdi/icd-10-gm" />
            <filter>
                <property value="concept" />
                <op value="is-a" />
                <value value="A16" />
            </filter>
            <filter>
                <property value="child" />
                <op value="exists" />
                <value value="false" />
            </filter>
        </include>
        <include>
            <system value="http://fhir.de/CodeSystem/dimdi/icd-10-gm" />
            <filter>
                <property value="concept" />
                <op value="is-a" />
                <value value="J67" />
            </filter>
            <filter>
                <property value="child" />
                <op value="exists" />
                <value value="false" />
            </filter>
        </include>
        <include>
            <system value="http://fhir.de/CodeSystem/dimdi/icd-10-gm" />
            <filter>
                <property value="concept" />
                <op value="is-a" />
                <value value="J68" />
            </filter>
            <filter>
                <property value="child" />
                <op value="exists" />
                <value value="false" />
            </filter>
        </include>
        <include>
            <system value="http://fhir.de/CodeSystem/dimdi/icd-10-gm" />
            <filter>
                <property value="concept" />
                <op value="is-a" />
                <value value="J70" />
            </filter>
            <filter>
                <property value="child" />
                <op value="exists" />
                <value value="false" />
            </filter>
        </include>
        <include>
            <system value="http://fhir.de/CodeSystem/dimdi/icd-10-gm" />
            <filter>
                <property value="concept" />
                <op value="is-a" />
                <value value="P27" />
            </filter>
            <filter>
                <property value="child" />
                <op value="exists" />
                <value value="false" />
            </filter>
        </include>
        <include>
            <system value="http://fhir.de/CodeSystem/dimdi/icd-10-gm" />
            <filter>
                <property value="concept" />
                <op value="is-a" />
                <value value="J98" />
            </filter>
            <filter>
                <property value="child" />
                <op value="exists" />
                <value value="false" />
            </filter>
        </include>
    </compose>
</ValueSet>