<ValueSet xmlns="http://hl7.org/fhir">
    <id value="1.2.276.0.76.11.471--20200425213520"/>
    <meta>
        <profile value="http://hl7.org/fhir/StructureDefinition/shareablevalueset"/>
        <!--<profile value="http://hl7.org/fhir/4.0/StructureDefinition/ValueSet"/>-->
    </meta>
    <extension url="http://hl7.org/fhir/StructureDefinition/resource-effectivePeriod">
        <valuePeriod>
            <start value="2020-04-25T21:35:20+02:00"/>
        </valuePeriod>
    </extension>
    <url value="https://www.netzwerk-universitaetsmedizin.de/fhir/ValueSet/chronic-kidney-diseases"/>
    <identifier>
        <use value="official"/>
        <system value="http://art-decor.org/ns/oids/vs"/>
        <value value="1.2.276.0.76.11.471"/>
    </identifier>
    <version value="1.0"/>
    <name value="ChronicKidneyDiseases"/>
    <title value="Chronic Kidney Diseases"/>
    <status value="active"/>
    <experimental value="false"/>
    <publisher value="Charité"/>
    <description value="Chronic kidney diseases in the context of Covid-19"/>
    <immutable value="false"/>
    <copyright value="This artefact includes content from SNOMED Clinical Terms® (SNOMED CT®) which is copyright of the International Health Terminology Standards Development Organisation (IHTSDO). Implementers of these artefacts must have the appropriate SNOMED CT Affiliate license - for more information contact http://www.snomed.org/snomed-ct/getsnomed-ct or info@snomed.org."/>
    <compose>
        <include>
            <system value="http://snomed.info/sct"/>
            <concept>
                <code value="714152005"/>
                <display value="Chronic kidney disease stage 5 on dialysis (disorder)"/>
            </concept>
            <concept>
                <code value="431855005"/>
                <display value="Chronic kidney disease stage 1 (disorder)"/>
            </concept>
            <concept>
                <code value="431856006"/>
                <display value="Chronic kidney disease stage 2 (disorder)"/>
            </concept>
            <concept>
                <code value="433144002"/>
                <display value="Chronic kidney disease stage 3 (disorder)"/>
            </concept>
            <concept>
                <code value="431857002"/>
                <display value="Chronic kidney disease stage 4 (disorder)"/>
            </concept>
            <concept>
                <code value="433146000"/>
                <display value="Chronic kidney disease stage 5 (disorder)"/>
            </concept>
            <concept>
                <code value="709044004"/>
                <display value="Chronic kidney disease (disorder)"/>
            </concept>
        </include>
        <include>
            <system value="http://snomed.info/sct"/>
            <filter>
                <property value="concept"/>
                <op value="is-a"/>
                <value value="709044004"/>
            </filter>
        </include>
    </compose>
</ValueSet>