<ValueSet xmlns="http://hl7.org/fhir">
    <id value="1.2.276.0.76.11.501--20200504225739"/>
    <meta>
        <profile value="http://hl7.org/fhir/StructureDefinition/shareablevalueset"/>
        <!--<profile value="http://hl7.org/fhir/4.0/StructureDefinition/ValueSet"/>-->
    </meta>
    <extension url="http://hl7.org/fhir/StructureDefinition/resource-effectivePeriod">
        <valuePeriod>
            <start value="2020-05-04T22:57:39+02:00"/>
        </valuePeriod>
    </extension>
    <url value="https://www.netzwerk-universitaetsmedizin.de/fhir/ValueSet/chronic-kidney-diseases-icd"/>
    <identifier>
        <use value="official"/>
        <system value="http://art-decor.org/ns/oids/vs"/>
        <value value="1.2.276.0.76.11.501"/>
    </identifier>
    <version value="1.0.4"/>
    <name value="ChronicKidneyDiseasesICD"/>
    <title value="Chronic Kidney Diseases ICD-10-GM"/>
    <status value="active"/>
    <experimental value="false"/>
    <publisher value="Charité"/>
    <description value="Chronic kidney diseases in the context of Covid-19 from ICD-10-GM"/>
    <immutable value="false"/>
    <compose>
        <include>
            <system value="http://fhir.de/CodeSystem/dimdi/icd-10-gm"/>
            <version value="2021"/>
            <concept>
                <code value="N18.9"/>
                <display value="Chronische Nierenkrankheit, nicht näher bezeichnet"/>
            </concept>
            <concept>
                <code value="N18.1"/>
                <display value="Chronische Nierenkrankheit, Stadium 1"/>
            </concept>
            <concept>
                <code value="N18.2"/>
                <display value="Chronische Nierenkrankheit, Stadium 2"/>
            </concept>
            <concept>
                <code value="N18.3"/>
                <display value="Chronische Nierenkrankheit, Stadium 3"/>
            </concept>
            <concept>
                <code value="N18.4"/>
                <display value="Chronische Nierenkrankheit, Stadium 4"/>
            </concept>
            <concept>
                <code value="N18.5"/>
                <display value="Chronische Nierenkrankheit, Stadium 5"/>
            </concept>
            <concept>
                <code value="Z99.2"/>
                <display value="Langzeitige Abhängigkeit von Dialyse bei Niereninsuffizienz"/>
            </concept>
        </include>
        <include>
            <system value="http://fhir.de/CodeSystem/dimdi/icd-10-gm"/>
            <filter>
                <property value="concept"/>
                <op value="descendent-of"/>
                <value value="N18"/>
            </filter>
            <filter>
                <property value="child"/>
                <op value="exists"/>
                <value value="false"/>
            </filter>
        </include>
    </compose>
</ValueSet>