<ValueSet xmlns="http://hl7.org/fhir">
    <id value="1.2.276.0.76.11.509--20200505130915"/>
    <meta>
        <profile value="http://hl7.org/fhir/StructureDefinition/shareablevalueset"/><!--<profile value="http://hl7.org/fhir/4.0/StructureDefinition/ValueSet"/>-->
    </meta>
    <extension url="http://hl7.org/fhir/StructureDefinition/resource-effectivePeriod">
        <valuePeriod>
            <start value="2020-05-05T13:09:15+02:00"/>
        </valuePeriod>
    </extension>
    <url value="https://www.netzwerk-universitaetsmedizin.de/fhir/ValueSet/complications-covid-19-icd"/>
    <identifier>
        <use value="official"/>
        <system value="http://art-decor.org/ns/oids/vs"/>
        <value value="1.2.276.0.76.11.509"/>
    </identifier>
    <version value="1.0.4"/>
    <name value="ComplicationsCovid19ICD"/>
    <title value="Complications Covid-19 ICD-10-GM"/>
    <status value="active"/>
    <experimental value="false"/>
    <publisher value="Charité"/>
    <description value="Complications in the context of Covid-19 from ICD-10-GM"/>
    <immutable value="false"/>
    <compose>
        <include>
            <system value="http://fhir.de/CodeSystem/dimdi/icd-10-gm"/>
            <version value="2021"/>
            <concept>
                <code value="J18.9"/>
                <display value="Pneumonie, nicht näher bezeichnet"/>
            </concept>
            <concept>
                <code value="A41.9"/>
                <display value="Sepsis, nicht näher bezeichnet"/>
            </concept>
            <concept>
                <code value="I82.9"/>
                <display value="Embolie und Thrombose nicht näher bezeichneter Vene"/>
            </concept>
            <concept>
                <code value="I26.9"/>
                <display value="Lungenembolie ohne Angabe eines akuten Cor pulmonale"/>
            </concept>
            <concept>
                <code value="I64"/>
                <display value="Schlaganfall, nicht als Blutung oder Infarkt bezeichnet"/>
            </concept>
            <concept>
                <code value="I21.9"/>
                <display value="Akuter Myokardinfarkt, nicht näher bezeichnet"/>
            </concept>
            <concept>
                <code value="N17.9"/>
                <display value="Akutes Nierenversagen, nicht näher bezeichnet"/>
            </concept>
        </include>
        <include>
            <system value="http://fhir.de/CodeSystem/dimdi/icd-10-gm"/>
            <filter>
                <property value="concept"/>
                <op value="is-a"/>
                <value value="U69.0"/>
            </filter>
        </include>
        <include>
            <system value="http://fhir.de/CodeSystem/dimdi/icd-10-gm"/>
            <filter>
                <property value="concept"/>
                <op value="is-a"/>
                <value value="J17"/>
            </filter>
        </include>
        <include>
            <system value="http://fhir.de/CodeSystem/dimdi/icd-10-gm"/>
            <filter>
                <property value="concept"/>
                <op value="is-a"/>
                <value value="A15.0"/>
            </filter>
            <filter>
                <property value="child"/>
                <op value="exists"/>
                <value value="false"/>
            </filter>
        </include>
        <include>
            <system value="http://fhir.de/CodeSystem/dimdi/icd-10-gm"/>
            <filter>
                <property value="concept"/>
                <op value="is-a"/>
                <value value="A16.0"/>
            </filter>
            <filter>
                <property value="child"/>
                <op value="exists"/>
                <value value="false"/>
            </filter>
        </include>
        <include>
            <system value="http://fhir.de/CodeSystem/dimdi/icd-10-gm"/>
            <filter>
                <property value="concept"/>
                <op value="is-a"/>
                <value value="A16.1"/>
            </filter>
            <filter>
                <property value="child"/>
                <op value="exists"/>
                <value value="false"/>
            </filter>
        </include>
        <include>
            <system value="http://fhir.de/CodeSystem/dimdi/icd-10-gm"/>
            <filter>
                <property value="concept"/>
                <op value="is-a"/>
                <value value="A16.2"/>
            </filter>
            <filter>
                <property value="child"/>
                <op value="exists"/>
                <value value="false"/>
            </filter>
        </include>
        <include>
            <system value="http://fhir.de/CodeSystem/dimdi/icd-10-gm"/>
            <filter>
                <property value="concept"/>
                <op value="is-a"/>
                <value value="A20.2"/>
            </filter>
            <filter>
                <property value="child"/>
                <op value="exists"/>
                <value value="false"/>
            </filter>
        </include>
        <include>
            <system value="http://fhir.de/CodeSystem/dimdi/icd-10-gm"/>
            <filter>
                <property value="concept"/>
                <op value="is-a"/>
                <value value="A24.1"/>
            </filter>
            <filter>
                <property value="child"/>
                <op value="exists"/>
                <value value="false"/>
            </filter>
        </include>
        <include>
            <system value="http://fhir.de/CodeSystem/dimdi/icd-10-gm"/>
            <filter>
                <property value="concept"/>
                <op value="is-a"/>
                <value value="A48.1"/>
            </filter>
            <filter>
                <property value="child"/>
                <op value="exists"/>
                <value value="false"/>
            </filter>
        </include>
        <include>
            <system value="http://fhir.de/CodeSystem/dimdi/icd-10-gm"/>
            <filter>
                <property value="concept"/>
                <op value="is-a"/>
                <value value="J12"/>
            </filter>
            <filter>
                <property value="child"/>
                <op value="exists"/>
                <value value="false"/>
            </filter>
        </include>
        <include>
            <system value="http://fhir.de/CodeSystem/dimdi/icd-10-gm"/>
            <filter>
                <property value="concept"/>
                <op value="is-a"/>
                <value value="I80"/>
            </filter>
            <filter>
                <property value="child"/>
                <op value="exists"/>
                <value value="false"/>
            </filter>
        </include>
        <include>
            <system value="http://fhir.de/CodeSystem/dimdi/icd-10-gm"/>
            <filter>
                <property value="concept"/>
                <op value="is-a"/>
                <value value="I81"/>
            </filter>
        </include>
        <include>
            <system value="http://fhir.de/CodeSystem/dimdi/icd-10-gm"/>
            <filter>
                <property value="concept"/>
                <op value="is-a"/>
                <value value="I82"/>
            </filter>
            <filter>
                <property value="child"/>
                <op value="exists"/>
                <value value="false"/>
            </filter>
        </include>
        <include>
            <system value="http://fhir.de/CodeSystem/dimdi/icd-10-gm"/>
            <filter>
                <property value="concept"/>
                <op value="is-a"/>
                <value value="I74"/>
            </filter>
            <filter>
                <property value="child"/>
                <op value="exists"/>
                <value value="false"/>
            </filter>
        </include>
        <include>
            <system value="http://fhir.de/CodeSystem/dimdi/icd-10-gm"/>
            <filter>
                <property value="concept"/>
                <op value="is-a"/>
                <value value="I61"/>
            </filter>
            <filter>
                <property value="child"/>
                <op value="exists"/>
                <value value="false"/>
            </filter>
        </include>
        <include>
            <system value="http://fhir.de/CodeSystem/dimdi/icd-10-gm"/>
            <filter>
                <property value="concept"/>
                <op value="is-a"/>
                <value value="I63"/>
            </filter>
            <filter>
                <property value="child"/>
                <op value="exists"/>
                <value value="false"/>
            </filter>
        </include>
        <include>
            <system value="http://fhir.de/CodeSystem/dimdi/icd-10-gm"/>
            <filter>
                <property value="concept"/>
                <op value="is-a"/>
                <value value="I64"/>
            </filter>
            <filter>
                <property value="child"/>
                <op value="exists"/>
                <value value="false"/>
            </filter>
        </include>
        <include>
            <system value="http://fhir.de/CodeSystem/dimdi/icd-10-gm"/>
            <filter>
                <property value="concept"/>
                <op value="is-a"/>
                <value value="I21"/>
            </filter>
            <filter>
                <property value="child"/>
                <op value="exists"/>
                <value value="false"/>
            </filter>
        </include>
        <include>
            <system value="http://fhir.de/CodeSystem/dimdi/icd-10-gm"/>
            <filter>
                <property value="concept"/>
                <op value="is-a"/>
                <value value="I22"/>
            </filter>
            <filter>
                <property value="child"/>
                <op value="exists"/>
                <value value="false"/>
            </filter>
        </include>
        <include>
            <system value="http://fhir.de/CodeSystem/dimdi/icd-10-gm"/>
            <filter>
                <property value="concept"/>
                <op value="is-a"/>
                <value value="N17"/>
            </filter>
            <filter>
                <property value="child"/>
                <op value="exists"/>
                <value value="false"/>
            </filter>
        </include>
    </compose>
</ValueSet>