{
	"resourceType": "Condition",
	"id": "54c91c05-8eba-4cb3-b656-de203c892357",
	"meta": {
		"profile": [
			"https://www.netzwerk-universitaetsmedizin.de/fhir/StructureDefinition/cardiovascular-diseases"
		]
	},
	"modifierExtension": [
		{
			"url": "https://www.netzwerk-universitaetsmedizin.de/fhir/StructureDefinition/uncertainty-of-presence",
			"valueCodeableConcept": {
				"coding": [
					{
						"system": "http://snomed.info/sct",
						"code": "261665006",
						"display": "Unknown (qualifier value)"
					}
				],
				"text": "Presence of condition is unknown."
			}
		}
	],
	"category": [
		{
			"coding": [
				{
					"system": "http://snomed.info/sct",
					"code": "722414000",
					"display": "Vascular medicine"
				}
			]
		}
	],
	"code": {
		"coding": [
			{
				"system": "http://snomed.info/sct",
				"code": "53741008",
				"display": "Coronary arteriosclerosis"
			}
		]
	},
	"subject": {
		"reference": "Patient/c786ac3c-0579-4aa2-adda-db784b214ad6"
	},
	"recordedDate": "2020-10-06"
}