{
	"resourceType": "Condition",
	"id": "3ac50369-07cf-41e0-b28a-1a1ca4698779",
	"meta": {
		"profile": [
			"https://www.netzwerk-universitaetsmedizin.de/fhir/StructureDefinition/malignant-neoplastic-disease"
		]
	},
	"verificationStatus": {
		"coding": [
			{
				"system": "http://terminology.hl7.org/CodeSystem/condition-ver-status",
				"code": "refuted",
				"display": "Refuted"
			},
			{
				"system": "http://snomed.info/sct",
				"code": "410594000",
				"display": "Definitely NOT present (qualifier value)"
			}
		]
	},
	"category": [
		{
			"coding": [
				{
					"system": "http://snomed.info/sct",
					"code": "394593009",
					"display": "Medical oncology (qualifier value)"
				}
			]
		}
	],
	"code": {
		"coding": [
			{
				"system": "http://snomed.info/sct",
				"code": "363346000",
				"display": "Malignant neoplastic disease"
			}
		]
	},
	"subject": {
		"reference": "Patient/004e1d34-ee10-46d0-9a1c-2444e3295c4c"
	},
	"recordedDate": "2020-10-06"
}