<ValueSet xmlns="http://hl7.org/fhir">
    <id value="1.2.276.0.76.11.514--20200519223054"/>
    <meta>
        <profile value="http://hl7.org/fhir/StructureDefinition/shareablevalueset"/><!--<profile value="http://hl7.org/fhir/4.0/StructureDefinition/ValueSet"/>-->
    </meta>
    <extension url="http://hl7.org/fhir/StructureDefinition/resource-effectivePeriod">
        <valuePeriod>
            <start value="2020-05-19T22:30:54+02:00"/>
        </valuePeriod>
    </extension>
    <url value="https://www.netzwerk-universitaetsmedizin.de/fhir/ValueSet/condition-severity"/>
    <identifier>
        <use value="official"/>
        <system value="http://art-decor.org/ns/oids/vs"/>
        <value value="1.2.276.0.76.11.514"/>
    </identifier>
    <version value="1.0"/>
    <name value="Severity"/>
    <title value="Condition Severity"/>
    <status value="active"/>
    <experimental value="false"/>
    <publisher value="Charité"/>
    <description value="Severity of symptoms in the context of Covid-19"/>
    <immutable value="false"/>
    <copyright value="This artefact includes content from SNOMED Clinical Terms® (SNOMED CT®) which is copyright of the International Health Terminology Standards Development Organisation (IHTSDO). Implementers of these artefacts must have the appropriate SNOMED CT Affiliate license - for more information contact http://www.snomed.org/snomed-ct/getsnomed-ct or info@snomed.org."/>
    <compose>
        <include>
            <system value="http://snomed.info/sct"/>
            <concept>
                <code value="255604002"/>
                <display value="Mild (qualifier value)"/>
            </concept>
            <concept>
                <code value="6736007"/>
                <display value="Moderate (severity modifier) (qualifier value)"/>
            </concept>
            <concept>
                <code value="24484000"/>
                <display value="Severe (severity modifier) (qualifier value)"/>
            </concept>
            <concept>
                <code value="442452003"/>
                <display value="Life threatening severity (qualifier value)"/>
            </concept>
        </include>
    </compose>
</ValueSet>