{
	"resourceType": "Condition",
	"id": "a1610e9b-1b16-433a-97c7-ee5ec1ef71ee",
	"meta": {
		"profile": [
			"https://www.netzwerk-universitaetsmedizin.de/fhir/StructureDefinition/chronic-neurological-mental-diseases"
		]
	},
	"verificationStatus": {
		"coding": [
			{
				"system": "http://terminology.hl7.org/CodeSystem/condition-ver-status",
				"code": "refuted",
				"display": "Refuted"
			},
			{
				"system": "http://snomed.info/sct",
				"code": "410594000",
				"display": "Definitely NOT present (qualifier value)"
			}
		]
	},
	"category": [
		{
			"coding": [
				{
					"system": "http://snomed.info/sct",
					"code": "394591006",
					"display": "Neurology"
				},
				{
					"system": "http://snomed.info/sct",
					"code": "394587001",
					"display": "Psychiatry"
				}
			]
		}
	],
	"code": {
		"coding": [
			{
				"system": "http://snomed.info/sct",
				"code": "37796009",
				"display": "Migraine"
			}
		]
	},
	"subject": {
		"reference": "Patient/c786ac3c-0579-4aa2-adda-db784b214ad6"
	},
	"recordedDate": "2020-10-06"
}