{
	"resourceType": "Condition",
	"id": "ce34b58f-6b77-4eb3-9c42-11224bd310fc",
	"meta": {
		"profile": [
			"https://www.netzwerk-universitaetsmedizin.de/fhir/StructureDefinition/chronic-kidney-diseases"
		]
	},
	"modifierExtension": [
		{
			"url": "https://www.netzwerk-universitaetsmedizin.de/fhir/StructureDefinition/uncertainty-of-presence",
			"valueCodeableConcept": {
				"coding": [
					{
						"system": "http://snomed.info/sct",
						"code": "261665006",
						"display": "Unknown (qualifier value)"
					}
				],
				"text": "Presence of condition is unknown."
			}
		}
	],
	"category": [
		{
			"coding": [
				{
					"system": "http://snomed.info/sct",
					"code": "394589003",
					"display": "Nephrology (qualifier value)"
				}
			]
		}
	],
	"code": {
		"coding": [
			{
				"system": "http://snomed.info/sct",
				"code": "709044004",
				"display": "Chronic kidney disease (disorder)"
			}
		]
	},
	"subject": {
		"reference": "Patient/10accb9e-5570-409f-8499-85f7782d00d8"
	},
	"recordedDate": "2020-10-28T17:01:09+01:00"
}