{
	"resourceType": "Condition",
	"id": "bcac302e-0f7c-4deb-b56c-bf9eac1c4c39",
	"meta": {
		"profile": [
			"https://www.netzwerk-universitaetsmedizin.de/fhir/StructureDefinition/diabetes-mellitus"
		]
	},
	"modifierExtension": [
		{
			"url": "https://www.netzwerk-universitaetsmedizin.de/fhir/StructureDefinition/uncertainty-of-presence",
			"valueCodeableConcept": {
				"coding": [
					{
						"system": "http://snomed.info/sct",
						"code": "261665006",
						"display": "Unknown (qualifier value)"
					}
				],
				"text": "Presence of condition is unknown."
			}
		}
	],
	"category": [
		{
			"coding": [
				{
					"system": "http://snomed.info/sct",
					"code": "408475000",
					"display": "Diabetic medicine"
				}
			]
		}
	],
	"code": {
		"coding": [
			{
				"system": "http://snomed.info/sct",
				"code": "8801005",
				"display": "Secondary diabetes mellitus"
			}
		]
	},
	"subject": {
		"reference": "Patient/c786ac3c-0579-4aa2-adda-db784b214ad6"
	},
	"recordedDate": "2020-10-06"
}