{
	"resourceType": "Condition",
	"id": "a9239a0b-861f-436d-9dd3-374155149650",
	"meta": {
		"profile": [
			"https://www.netzwerk-universitaetsmedizin.de/fhir/StructureDefinition/rheumatological-immunological-diseases"
		]
	},
	"verificationStatus": {
		"coding": [
			{
				"system": "http://terminology.hl7.org/CodeSystem/condition-ver-status",
				"code": "refuted",
				"display": "Refuted"
			},
			{
				"system": "http://snomed.info/sct",
				"code": "410594000",
				"display": "Definitely NOT present (qualifier value)"
			}
		]
	},
	"category": [
		{
			"coding": [
				{
					"system": "http://snomed.info/sct",
					"code": "394810000",
					"display": "Rheumatology"
				},
				{
					"system": "http://snomed.info/sct",
					"code": "408480009",
					"display": "Clinical immunology"
				}
			]
		}
	],
	"code": {
		"coding": [
			{
				"system": "http://snomed.info/sct",
				"code": "31996006",
				"display": "Vasculitis"
			}
		]
	},
	"subject": {
		"reference": "Patient/c786ac3c-0579-4aa2-adda-db784b214ad6"
	},
	"recordedDate": "2020-10-06"
}