{
	"resourceType": "Condition",
	"id": "c8aa5893-1f5e-4d1b-b37d-146a48a39581",
	"meta": {
		"profile": [
			"https://www.netzwerk-universitaetsmedizin.de/fhir/StructureDefinition/chronic-kidney-diseases"
		]
	},
	"clinicalStatus": {
		"coding": [
			{
				"system": "http://terminology.hl7.org/CodeSystem/condition-clinical",
				"code": "active",
				"display": "Active"
			}
		]
	},
	"verificationStatus": {
		"coding": [
			{
				"system": "http://terminology.hl7.org/CodeSystem/condition-ver-status",
				"code": "confirmed",
				"display": "Confirmed"
			},
			{
				"system": "http://snomed.info/sct",
				"code": "410605003",
				"display": "Confirmed present (qualifier value)"
			}
		]
	},
	"category": [
		{
			"coding": [
				{
					"system": "http://snomed.info/sct",
					"code": "394589003",
					"display": "Nephrology (qualifier value)"
				}
			]
		}
	],
	"code": {
		"coding": [
			{
				"system": "http://snomed.info/sct",
				"code": "709044004",
				"display": "Chronic kidney disease (disorder)"
			}
		]
	},
	"subject": {
		"reference": "Patient/10accb9e-5570-409f-8499-85f7782d00d8"
	},
	"recordedDate": "2020-10-28T17:01:09+01:00"
}