{
	"resourceType": "Condition",
	"id": "ef325840-ac25-4f22-ba03-c5a6fddcdb0c",
	"meta": {
		"profile": [
			"https://www.netzwerk-universitaetsmedizin.de/fhir/StructureDefinition/diabetes-mellitus"
		]
	},
	"clinicalStatus": {
		"coding": [
			{
				"system": "http://terminology.hl7.org/CodeSystem/condition-clinical",
				"code": "active",
				"display": "Active"
			}
		]
	},
	"verificationStatus": {
		"coding": [
			{
				"system": "http://terminology.hl7.org/CodeSystem/condition-ver-status",
				"code": "confirmed",
				"display": "Confirmed"
			},
			{
				"system": "http://snomed.info/sct",
				"code": "410605003",
				"display": "Confirmed present (qualifier value)"
			}
		]
	},
	"category": [
		{
			"coding": [
				{
					"system": "http://snomed.info/sct",
					"code": "408475000",
					"display": "Diabetic medicine"
				}
			]
		}
	],
	"code": {
		"coding": [
			{
				"system": "http://snomed.info/sct",
				"code": "44054006",
				"display": "Diabetes mellitus type 2"
			}
		]
	},
	"subject": {
		"reference": "Patient/c786ac3c-0579-4aa2-adda-db784b214ad6"
	},
	"recordedDate": "2020-10-06"
}