{
	"resourceType": "Condition",
	"id": "540c7ce3-752c-4565-821b-fecce54b77d6",
	"meta": {
		"profile": [
			"https://www.netzwerk-universitaetsmedizin.de/fhir/StructureDefinition/malignant-neoplastic-disease"
		]
	},
	"clinicalStatus": {
		"coding": [
			{
				"system": "http://terminology.hl7.org/CodeSystem/condition-clinical",
				"code": "active",
				"display": "Active"
			}
		]
	},
	"verificationStatus": {
		"coding": [
			{
				"system": "http://terminology.hl7.org/CodeSystem/condition-ver-status",
				"code": "confirmed",
				"display": "Confirmed"
			},
			{
				"system": "http://snomed.info/sct",
				"code": "410605003",
				"display": "Confirmed present (qualifier value)"
			}
		]
	},
	"category": [
		{
			"coding": [
				{
					"system": "http://snomed.info/sct",
					"code": "394593009",
					"display": "Medical oncology (qualifier value)"
				}
			]
		}
	],
	"code": {
		"coding": [
			{
				"system": "http://snomed.info/sct",
				"code": "363346000",
				"display": "Malignant neoplastic disease"
			}
		]
	},
	"subject": {
		"reference": "Patient/004e1d34-ee10-46d0-9a1c-2444e3295c4c"
	},
	"recordedDate": "2020-10-06"
}