{
	"resourceType": "Condition",
	"id": "68dc1113-2e71-40ac-b2f8-93009c45cba3",
	"meta": {
		"profile": [
			"https://www.netzwerk-universitaetsmedizin.de/fhir/StructureDefinition/chronic-kidney-diseases"
		]
	},
	"clinicalStatus": {
		"coding": [
			{
				"system": "http://terminology.hl7.org/CodeSystem/condition-clinical",
				"code": "active",
				"display": "Active"
			}
		]
	},
	"verificationStatus": {
		"coding": [
			{
				"system": "http://terminology.hl7.org/CodeSystem/condition-ver-status",
				"code": "confirmed",
				"display": "Confirmed"
			},
			{
				"system": "http://snomed.info/sct",
				"code": "410605003",
				"display": "Confirmed present (qualifier value)"
			}
		]
	},
	"category": [
		{
			"coding": [
				{
					"system": "http://snomed.info/sct",
					"code": "394589003",
					"display": "Nephrology (qualifier value)"
				}
			]
		}
	],
	"code": {
		"coding": [
			{
				"system": "http://snomed.info/sct",
				"code": "714152005",
				"display": "Chronic kidney disease stage 5 on dialysis (disorder)"
			}
		]
	},
	"subject": {
		"reference": "Patient/10accb9e-5570-409f-8499-85f7782d00d8"
	},
	"recordedDate": "2020-10-28T17:01:09+01:00"
}