{
	"resourceType": "Condition",
	"id": "209d3821-7b3c-4cd2-91dc-7184724a6e04",
	"meta": {
		"profile": [
			"https://www.netzwerk-universitaetsmedizin.de/fhir/StructureDefinition/chronic-kidney-diseases"
		]
	},
	"verificationStatus": {
		"coding": [
			{
				"system": "http://terminology.hl7.org/CodeSystem/condition-ver-status",
				"code": "refuted",
				"display": "Refuted"
			},
			{
				"system": "http://snomed.info/sct",
				"code": "410594000",
				"display": "Definitely NOT present (qualifier value)"
			}
		]
	},
	"category": [
		{
			"coding": [
				{
					"system": "http://snomed.info/sct",
					"code": "394589003",
					"display": "Nephrology (qualifier value)"
				}
			]
		}
	],
	"code": {
		"coding": [
			{
				"system": "http://snomed.info/sct",
				"code": "709044004",
				"display": "Chronic kidney disease (disorder)"
			}
		]
	},
	"subject": {
		"reference": "Patient/10accb9e-5570-409f-8499-85f7782d00d8"
	},
	"recordedDate": "2020-10-28T17:01:09+01:00"
}