{
	"resourceType": "Condition",
	"id": "973b2387-ed03-4279-baf4-24f768f85700",
	"meta": {
		"profile": [
			"https://www.netzwerk-universitaetsmedizin.de/fhir/StructureDefinition/chronic-liver-diseases"
		]
	},
	"modifierExtension": [
		{
			"url": "https://www.netzwerk-universitaetsmedizin.de/fhir/StructureDefinition/uncertainty-of-presence",
			"valueCodeableConcept": {
				"coding": [
					{
						"system": "http://snomed.info/sct",
						"code": "261665006",
						"display": "Unknown (qualifier value)"
					}
				],
				"text": "Presence of condition is unknown."
			}
		}
	],
	"category": [
		{
			"coding": [
				{
					"system": "http://snomed.info/sct",
					"code": "408472002",
					"display": "Hepatology"
				}
			]
		}
	],
	"code": {
		"coding": [
			{
				"system": "http://snomed.info/sct",
				"code": "19943007",
				"display": "Cirrhosis of liver"
			}
		]
	},
	"subject": {
		"reference": "Patient/c786ac3c-0579-4aa2-adda-db784b214ad6"
	},
	"recordedDate": "2020-10-06"
}