{
	"resourceType": "Condition",
	"id": "cdcd5a53-28fa-43d0-8873-80e3af27e3b8",
	"meta": {
		"profile": [
			"https://www.netzwerk-universitaetsmedizin.de/fhir/StructureDefinition/cardiovascular-diseases"
		]
	},
	"verificationStatus": {
		"coding": [
			{
				"system": "http://terminology.hl7.org/CodeSystem/condition-ver-status",
				"code": "refuted",
				"display": "Refuted"
			},
			{
				"system": "http://snomed.info/sct",
				"code": "410594000",
				"display": "Definitely NOT present (qualifier value)"
			}
		]
	},
	"category": [
		{
			"coding": [
				{
					"system": "http://snomed.info/sct",
					"code": "722414000",
					"display": "Vascular medicine"
				}
			]
		}
	],
	"code": {
		"coding": [
			{
				"system": "http://snomed.info/sct",
				"code": "416940007:363589002=81266008",
				"display": "History of heart revascularization"
			}
		]
	},
	"subject": {
		"reference": "Patient/c786ac3c-0579-4aa2-adda-db784b214ad6"
	},
	"recordedDate": "2020-10-06"
}