{
	"resourceType": "Observation",
	"id": "eb602464-bf4a-47ed-8558-0507474d24d1",
	"meta": {
		"profile": [
			"https://www.netzwerk-universitaetsmedizin.de/fhir/StructureDefinition/known-exposure"
		]
	},
	"identifier": [
		{
			"type": {
				"coding": [
					{
						"system": "http://terminology.hl7.org/CodeSystem/v2-0203",
						"code": "OBI"
					}
				]
			},
			"system": "https://www.charite.de/fhir/CodeSystem/observation-identifiers",
			"value": "88636-6_KnownExposure",
			"assigner": {
				"reference": "Organization/Charité"
			}
		}
	],
	"status": "final",
	"category": [
		{
			"coding": [
				{
					"system": "http://terminology.hl7.org/CodeSystem/observation-category",
					"code": "social-history"
				}
			]
		}
	],
	"code": {
		"coding": [
			{
				"system": "http://loinc.org",
				"code": "88636-6",
				"display": "Known exposure [Identifier]"
			}
		],
		"text": "Known exposure"
	},
	"subject": {
		"reference": "Patient/c786ac3c-0579-4aa2-adda-db784b214ad6"
	},
	"effectiveDateTime": "2020-10-04",
	"dataAbsentReason": {
		"coding": [
			{
				"system": "http://terminology.hl7.org/CodeSystem/data-absent-reason",
				"code": "unknown",
				"display": "Unknown"
			}
		]
	}
}