{
    "resourceType": "Observation",
    "id": "Example-observation-sauerstoffsaettigung",
    "meta": {
        "profile":  [
            "https://www.netzwerk-universitaetsmedizin.de/fhir/StructureDefinition/oxygen-saturation"
        ]
    },
    "status": "final",
    "category":  [
        {
            "coding":  [
                {
                    "system": "http://terminology.hl7.org/CodeSystem/observation-category",
                    "code": "vital-signs"
                }
            ]
        }
    ],
    "code": {
        "coding":  [
            {
                "system": "http://loinc.org",
                "code": "2708-6",
                "display": "Oxygen saturation in Arterial blood"
            },
            {
                "system": "http://snomed.info/sct",
                "code": "442476006",
                "display": "Arterial oxygen saturation"
            },
            {
                "system": "http://loinc.org",
                "code": "59408-5",
                "display": "Oxygen saturation in Arterial blood by Pulse oximetry"
            },
            {
                "system": "http://snomed.info/sct",
                "code": "431314004",
                "display": "Peripheral oxygen saturation"
            }
        ],
        "text": "Pulsoximetrische Sauerstoffsättigung"
    },
    "subject": {
        "reference": "Patient/example"
    },
    "effectiveDateTime": "2020-10-11",
    "valueQuantity": {
        "value": 98,
        "unit": "%",
        "system": "http://unitsofmeasure.org",
        "code": "%"
    }
}
