<?xml version="1.0" encoding="utf-8"?>
<StructureDefinition xmlns="http://hl7.org/fhir">
  <id value="gecco-procedure-extracorporeal-membrane-oxygenation" />
  <url value="https://www.netzwerk-universitaetsmedizin.de/fhir/StructureDefinition/extracorporeal-membrane-oxygenation" />
  <version value="1.0" />
  <name value="ExtracorporealMembraneOxygenation" />
  <title value="Extracorporeal membrane oxygenation" />
  <status value="active" />
  <date value="2020-10-29" />
  <publisher value="Charité" />
  <contact>
    <telecom>
      <system value="url" />
      <value value="https://www.bihealth.org/en/research/core-facilities/interoperability/" />
    </telecom>
  </contact>
  <description value="Extracorporeal membrane oxygenation (ECMO) procedures" />
  <fhirVersion value="4.0.1" />
  <mapping>
    <identity value="workflow" />
    <uri value="http://hl7.org/fhir/workflow" />
    <name value="Workflow Pattern" />
  </mapping>
  <mapping>
    <identity value="rim" />
    <uri value="http://hl7.org/v3" />
    <name value="RIM Mapping" />
  </mapping>
  <mapping>
    <identity value="w5" />
    <uri value="http://hl7.org/fhir/fivews" />
    <name value="FiveWs Pattern Mapping" />
  </mapping>
  <mapping>
    <identity value="v2" />
    <uri value="http://hl7.org/v2" />
    <name value="HL7 v2 Mapping" />
  </mapping>
  <kind value="resource" />
  <abstract value="false" />
  <type value="Procedure" />
  <baseDefinition value="https://www.medizininformatik-initiative.de/fhir/core/modul-prozedur/StructureDefinition/Procedure" />
  <derivation value="constraint" />
  <differential>
    <element id="Procedure.category">
      <path value="Procedure.category" />
      <min value="1" />
    </element>
    <element id="Procedure.category.coding">
      <path value="Procedure.category.coding" />
      <min value="1" />
    </element>
    <element id="Procedure.category.coding:sct">
      <path value="Procedure.category.coding" />
      <sliceName value="sct" />
      <min value="1" />
      <patternCoding>
        <code value="277132007" />
      </patternCoding>
    </element>
    <element id="Procedure.code.coding:ops">
      <path value="Procedure.code.coding" />
      <sliceName value="ops" />
      <binding>
        <strength value="required" />
        <valueSet value="https://www.netzwerk-universitaetsmedizin.de/fhir/ValueSet/extracorporeal-membrane-oxygenation" />
      </binding>
    </element>
    <element id="Procedure.code.coding:sct">
      <path value="Procedure.code.coding" />
      <sliceName value="sct" />
    </element>
    <element id="Procedure.code.coding:sct.code">
      <path value="Procedure.code.coding.code" />
      <patternCode value="233573008" />
    </element>
    <element id="Procedure.subject">
      <path value="Procedure.subject" />
      <type>
        <code value="Reference" />
        <targetProfile value="http://hl7.org/fhir/StructureDefinition/Patient" />
      </type>
    </element>
  </differential>
</StructureDefinition>