<ValueSet xmlns="http://hl7.org/fhir">
    <id value="1.2.276.0.76.11.513--20200519104721"/>
    <meta>
        <profile value="http://hl7.org/fhir/StructureDefinition/shareablevalueset"/><!--<profile value="http://hl7.org/fhir/4.0/StructureDefinition/ValueSet"/>-->
    </meta>
    <extension url="http://hl7.org/fhir/StructureDefinition/resource-effectivePeriod">
        <valuePeriod>
            <start value="2020-05-19T10:47:21+02:00"/>
        </valuePeriod>
    </extension>
    <url value="https://www.netzwerk-universitaetsmedizin.de/fhir/ValueSet/extracorporeal-membrane-oxygenation"/>
    <identifier>
        <use value="official"/>
        <system value="http://art-decor.org/ns/oids/vs"/>
        <value value="1.2.276.0.76.11.513"/>
    </identifier>
    <version value="1.0.4"/>
    <name value="ECMOTherapiesOPS"/>
    <title value="ECMO Therapies OPS"/>
    <status value="active"/>
    <experimental value="false"/>
    <publisher value="Charité"/>
    <description value="Extracorporeal membrane oxygenation (ECMO) procedures in the context of Covid-19 from the German procedure classification (Operationen- und Prozedurenschlüssel - OPS)"/>
    <immutable value="false"/>
    <compose>
        <include>
            <system value="http://fhir.de/CodeSystem/dimdi/ops"/>
            <version value="2021"/>
            <filter>
                <property value="concept"/>
                <op value="descendent-of"/>
                <value value="8-852"/>
            </filter>
            <filter>
                <property value="child"/>
                <op value="exists"/>
                <value value="false"/>
            </filter>
        </include>
    </compose>
</ValueSet>