<?xml version="1.0" encoding="utf-8"?>
<StructureDefinition xmlns="http://hl7.org/fhir">
  <id value="gecco-observation-frailty-score" />
  <url value="https://www.netzwerk-universitaetsmedizin.de/fhir/StructureDefinition/frailty-score" />
  <version value="1.0" />
  <name value="ClinicalFrailtyScaleScore" />
  <title value="Clinical Frailty Scale Score" />
  <status value="active" />
  <date value="2020-10-29" />
  <publisher value="Charité" />
  <contact>
    <telecom>
      <system value="url" />
      <value value="https://www.bihealth.org/en/research/core-facilities/interoperability/" />
    </telecom>
  </contact>
  <description value="Clinical Frailty Scale score" />
  <copyright value="This artefact includes content under copyright from Geriatric Medicine Research, Dalhousie University, Halifax, Canada. Implementers of these artefacts must complete a Permission for Use Agreement - for more information visit https://www.dal.ca/sites/gmr/our-tools/clinical-frailty-scale.html." />
  <fhirVersion value="4.0.1" />
  <mapping>
    <identity value="workflow" />
    <uri value="http://hl7.org/fhir/workflow" />
    <name value="Workflow Pattern" />
  </mapping>
  <mapping>
    <identity value="sct-concept" />
    <uri value="http://snomed.info/conceptdomain" />
    <name value="SNOMED CT Concept Domain Binding" />
  </mapping>
  <mapping>
    <identity value="v2" />
    <uri value="http://hl7.org/v2" />
    <name value="HL7 v2 Mapping" />
  </mapping>
  <mapping>
    <identity value="rim" />
    <uri value="http://hl7.org/v3" />
    <name value="RIM Mapping" />
  </mapping>
  <mapping>
    <identity value="w5" />
    <uri value="http://hl7.org/fhir/fivews" />
    <name value="FiveWs Pattern Mapping" />
  </mapping>
  <mapping>
    <identity value="sct-attr" />
    <uri value="http://snomed.org/attributebinding" />
    <name value="SNOMED CT Attribute Binding" />
  </mapping>
  <kind value="resource" />
  <abstract value="false" />
  <type value="Observation" />
  <baseDefinition value="http://hl7.org/fhir/StructureDefinition/Observation" />
  <derivation value="constraint" />
  <differential>
    <element id="Observation.meta">
      <path value="Observation.meta" />
    </element>
    <element id="Observation.meta.profile">
      <path value="Observation.meta.profile" />
      <mustSupport value="true" />
    </element>
    <element id="Observation.category">
      <path value="Observation.category" />
      <min value="1" />
      <mustSupport value="true" />
    </element>
    <element id="Observation.category.coding">
      <path value="Observation.category.coding" />
      <slicing>
        <discriminator>
          <type value="pattern" />
          <path value="$this" />
        </discriminator>
        <rules value="open" />
      </slicing>
      <min value="1" />
      <mustSupport value="true" />
    </element>
    <element id="Observation.category.coding:observation-category">
      <path value="Observation.category.coding" />
      <sliceName value="observation-category" />
      <min value="1" />
      <max value="1" />
      <patternCoding>
        <system value="http://terminology.hl7.org/CodeSystem/observation-category" />
        <code value="survey" />
      </patternCoding>
      <mustSupport value="true" />
    </element>
    <element id="Observation.category.coding:observation-category.system">
      <path value="Observation.category.coding.system" />
      <min value="1" />
    </element>
    <element id="Observation.category.coding:observation-category.code">
      <path value="Observation.category.coding.code" />
      <min value="1" />
    </element>
    <element id="Observation.code">
      <path value="Observation.code" />
      <mustSupport value="true" />
    </element>
    <element id="Observation.code.coding">
      <path value="Observation.code.coding" />
      <slicing>
        <discriminator>
          <type value="pattern" />
          <path value="$this" />
        </discriminator>
        <rules value="open" />
      </slicing>
      <min value="1" />
      <mustSupport value="true" />
    </element>
    <element id="Observation.code.coding:snomed">
      <path value="Observation.code.coding" />
      <sliceName value="snomed" />
      <min value="1" />
      <max value="1" />
      <patternCoding>
        <system value="http://snomed.info/sct" />
        <code value="763264000" />
      </patternCoding>
      <mustSupport value="true" />
    </element>
    <element id="Observation.code.coding:snomed.system">
      <path value="Observation.code.coding.system" />
      <min value="1" />
    </element>
    <element id="Observation.code.coding:snomed.code">
      <path value="Observation.code.coding.code" />
      <min value="1" />
    </element>
    <element id="Observation.subject">
      <path value="Observation.subject" />
      <min value="1" />
      <type>
        <code value="Reference" />
        <targetProfile value="http://hl7.org/fhir/StructureDefinition/Patient" />
        <targetProfile value="http://hl7.org/fhir/StructureDefinition/Group" />
      </type>
      <mustSupport value="true" />
    </element>
    <element id="Observation.value[x]">
      <path value="Observation.value[x]" />
      <type>
        <code value="CodeableConcept" />
      </type>
      <mustSupport value="true" />
      <binding>
        <strength value="required" />
        <valueSet value="https://www.netzwerk-universitaetsmedizin.de/fhir/ValueSet/frailty-score" />
      </binding>
    </element>
    <element id="Observation.bodySite">
      <path value="Observation.bodySite" />
      <max value="0" />
    </element>
    <element id="Observation.method">
      <path value="Observation.method" />
      <mustSupport value="true" />
    </element>
    <element id="Observation.method.coding">
      <path value="Observation.method.coding" />
      <slicing>
        <discriminator>
          <type value="pattern" />
          <path value="$this" />
        </discriminator>
        <rules value="open" />
      </slicing>
      <mustSupport value="true" />
    </element>
    <element id="Observation.method.coding:snomed-scale">
      <path value="Observation.method.coding" />
      <sliceName value="snomed-scale" />
      <definition value="A reference to a code for the assessment scale that is used." />
      <max value="1" />
      <patternCoding>
        <system value="http://snomed.info/sct" />
        <code value="445414007" />
      </patternCoding>
      <mustSupport value="true" />
    </element>
    <element id="Observation.method.coding:snomed-scale.system">
      <path value="Observation.method.coding.system" />
      <min value="1" />
    </element>
    <element id="Observation.method.coding:snomed-scale.code">
      <path value="Observation.method.coding.code" />
      <min value="1" />
    </element>
    <element id="Observation.specimen">
      <path value="Observation.specimen" />
      <max value="0" />
    </element>
  </differential>
</StructureDefinition>