<ValueSet xmlns="http://hl7.org/fhir">
    <id value="1.2.276.0.76.11.484--20200503133419"/>
    <meta>
        <profile value="http://hl7.org/fhir/StructureDefinition/shareablevalueset"/><!--<profile value="http://hl7.org/fhir/4.0/StructureDefinition/ValueSet"/>-->
    </meta>
    <extension url="http://hl7.org/fhir/StructureDefinition/resource-effectivePeriod">
        <valuePeriod>
            <start value="2020-05-03T13:34:19+02:00"/>
        </valuePeriod>
    </extension>
    <url value="https://www.netzwerk-universitaetsmedizin.de/fhir/ValueSet/gastrointestinal-ulcers"/>
    <identifier>
        <use value="official"/>
        <system value="http://art-decor.org/ns/oids/vs"/>
        <value value="1.2.276.0.76.11.484"/>
    </identifier>
    <version value="1.0.4"/>
    <name value="GastrointestinalUlcers"/>
    <title value="Gastrointestinal Ulcers"/>
    <status value="active"/>
    <experimental value="false"/>
    <publisher value="Charité"/>
    <description value="Gastrointestinal ulcers in the context of Covid-19"/>
    <immutable value="false"/>
    <compose>
        <include>
            <system value="http://snomed.info/sct"/>
            <filter>
                <property value="concept"/>
                <op value="is-a"/>
                <value value="40845000"/>
            </filter>
        </include>
    </compose>
</ValueSet>