<?xml version="1.0" encoding="utf-8"?>
<StructureDefinition xmlns="http://hl7.org/fhir">
  <id value="gecco-transaction-bundle" />
  <url value="https://www.netzwerk-universitaetsmedizin.de/fhir/StructureDefinition/gecco-bundle" />
  <version value="1.0" />
  <name value="GeccoBundle" />
  <title value="GECCO Bundle" />
  <status value="active" />
  <date value="2020-10-29" />
  <publisher value="Charité" />
  <contact>
    <telecom>
      <system value="url" />
      <value value="https://www.bihealth.org/en/research/core-facilities/interoperability/" />
    </telecom>
  </contact>
  <description value="Bundle of type 'transaction' used to collect the set of resources as part of the GECCO dataset into a single instance." />
  <fhirVersion value="4.0.1" />
  <mapping>
    <identity value="v2" />
    <uri value="http://hl7.org/v2" />
    <name value="HL7 v2 Mapping" />
  </mapping>
  <mapping>
    <identity value="rim" />
    <uri value="http://hl7.org/v3" />
    <name value="RIM Mapping" />
  </mapping>
  <mapping>
    <identity value="cda" />
    <uri value="http://hl7.org/v3/cda" />
    <name value="CDA (R2)" />
  </mapping>
  <mapping>
    <identity value="w5" />
    <uri value="http://hl7.org/fhir/fivews" />
    <name value="FiveWs Pattern Mapping" />
  </mapping>
  <kind value="resource" />
  <abstract value="false" />
  <type value="Bundle" />
  <baseDefinition value="http://hl7.org/fhir/StructureDefinition/Bundle" />
  <derivation value="constraint" />
  <differential>
    <element id="Bundle.type">
      <path value="Bundle.type" />
      <fixedCode value="transaction" />
      <mustSupport value="true" />
    </element>
    <element id="Bundle.timestamp">
      <path value="Bundle.timestamp" />
      <mustSupport value="true" />
    </element>
    <element id="Bundle.entry">
      <path value="Bundle.entry" />
      <min value="1" />
      <mustSupport value="true" />
    </element>
    <element id="Bundle.entry.resource">
      <path value="Bundle.entry.resource" />
      <min value="1" />
    </element>
  </differential>
</StructureDefinition>