<?xml version="1.0" encoding="utf-8"?>
<StructureDefinition xmlns="http://hl7.org/fhir">
  <id value="gecco-base-condition" />
  <url value="https://www.netzwerk-universitaetsmedizin.de/fhir/StructureDefinition/gecco-base-condition" />
  <version value="1.0" />
  <name value="GeccoBaseCondition" />
  <title value="Gecco Base Condition" />
  <status value="active" />
  <date value="2020-10-29" />
  <publisher value="Charité" />
  <contact>
    <telecom>
      <system value="url" />
      <value value="https://www.bihealth.org/en/research/core-facilities/interoperability/" />
    </telecom>
  </contact>
  <description value="Base condition for the GECCO dataset that contains an additional extension and constraints on the verificationStatus-element." />
  <fhirVersion value="4.0.1" />
  <mapping>
    <identity value="workflow" />
    <uri value="http://hl7.org/fhir/workflow" />
    <name value="Workflow Pattern" />
  </mapping>
  <mapping>
    <identity value="sct-concept" />
    <uri value="http://snomed.info/conceptdomain" />
    <name value="SNOMED CT Concept Domain Binding" />
  </mapping>
  <mapping>
    <identity value="v2" />
    <uri value="http://hl7.org/v2" />
    <name value="HL7 v2 Mapping" />
  </mapping>
  <mapping>
    <identity value="rim" />
    <uri value="http://hl7.org/v3" />
    <name value="RIM Mapping" />
  </mapping>
  <mapping>
    <identity value="w5" />
    <uri value="http://hl7.org/fhir/fivews" />
    <name value="FiveWs Pattern Mapping" />
  </mapping>
  <mapping>
    <identity value="sct-attr" />
    <uri value="http://snomed.org/attributebinding" />
    <name value="SNOMED CT Attribute Binding" />
  </mapping>
  <kind value="resource" />
  <abstract value="false" />
  <type value="Condition" />
  <baseDefinition value="https://www.medizininformatik-initiative.de/fhir/core/modul-diagnose/StructureDefinition/Diagnose" />
  <derivation value="constraint" />
  <differential>
    <element id="Condition">
      <path value="Condition" />
      <constraint>
        <key value="unk-1" />
        <severity value="error" />
        <human value="If verificationStatus is present, uncertaintyOfPresence-Extension SHALL NOT be present." />
        <expression value="verificationStatus.exists() != Condition.modifierExtension.where(url = 'https://www.netzwerk-universitaetsmedizin.de/fhir/StructureDefinition/uncertainty-of-presence').exists()" />
        <source value="https://www.netzwerk-universitaetsmedizin.de/fhir/StructureDefinition/gecco-base-condition" />
      </constraint>
    </element>
    <element id="Condition.extension">
      <path value="Condition.extension" />
      <slicing>
        <discriminator>
          <type value="value" />
          <path value="url" />
        </discriminator>
        <rules value="open" />
      </slicing>
    </element>
    <element id="Condition.extension:uncertaintyOfPresence">
      <path value="Condition.extension" />
      <sliceName value="uncertaintyOfPresence" />
      <max value="1" />
      <type>
        <code value="Extension" />
        <profile value="https://www.netzwerk-universitaetsmedizin.de/fhir/StructureDefinition/uncertainty-of-presence" />
      </type>
      <mustSupport value="true" />
    </element>
    <element id="Condition.verificationStatus">
      <path value="Condition.verificationStatus" />
      <mustSupport value="true" />
    </element>
    <element id="Condition.verificationStatus.coding">
      <path value="Condition.verificationStatus.coding" />
      <slicing>
        <discriminator>
          <type value="pattern" />
          <path value="$this" />
        </discriminator>
        <rules value="open" />
      </slicing>
      <min value="1" />
    </element>
    <element id="Condition.verificationStatus.coding:conditionVerificationStatus">
      <path value="Condition.verificationStatus.coding" />
      <sliceName value="conditionVerificationStatus" />
      <min value="1" />
      <max value="1" />
      <patternCoding>
        <system value="http://terminology.hl7.org/CodeSystem/condition-ver-status" />
      </patternCoding>
    </element>
    <element id="Condition.verificationStatus.coding:conditionVerificationStatus.system">
      <path value="Condition.verificationStatus.coding.system" />
      <min value="1" />
    </element>
    <element id="Condition.verificationStatus.coding:conditionVerificationStatus.code">
      <path value="Condition.verificationStatus.coding.code" />
      <min value="1" />
    </element>
    <element id="Condition.verificationStatus.coding:snomed">
      <path value="Condition.verificationStatus.coding" />
      <sliceName value="snomed" />
      <min value="1" />
      <max value="1" />
      <patternCoding>
        <system value="http://snomed.info/sct" />
      </patternCoding>
      <binding>
        <strength value="required" />
        <description value="Confirmed present | Definitely NOT present" />
        <valueSet value="https://www.netzwerk-universitaetsmedizin.de/fhir/ValueSet/verification-status" />
      </binding>
    </element>
    <element id="Condition.verificationStatus.coding:snomed.system">
      <path value="Condition.verificationStatus.coding.system" />
      <min value="1" />
    </element>
    <element id="Condition.verificationStatus.coding:snomed.code">
      <path value="Condition.verificationStatus.coding.code" />
      <min value="1" />
    </element>
  </differential>
</StructureDefinition>