<?xml version="1.0" encoding="utf-8"?>
<StructureDefinition xmlns="http://hl7.org/fhir">
  <id value="gecco-observation-history-of-travel" />
  <url value="https://www.netzwerk-universitaetsmedizin.de/fhir/StructureDefinition/history-of-travel" />
  <version value="1.0" />
  <name value="HistoryOfTravel" />
  <title value="History Of Travel" />
  <status value="active" />
  <date value="2020-10-29" />
  <publisher value="Charité" />
  <contact>
    <telecom>
      <system value="url" />
      <value value="https://www.bihealth.org/en/research/core-facilities/interoperability/" />
    </telecom>
  </contact>
  <description value="A patient's history of travel" />
  <fhirVersion value="4.0.1" />
  <mapping>
    <identity value="workflow" />
    <uri value="http://hl7.org/fhir/workflow" />
    <name value="Workflow Pattern" />
  </mapping>
  <mapping>
    <identity value="sct-concept" />
    <uri value="http://snomed.info/conceptdomain" />
    <name value="SNOMED CT Concept Domain Binding" />
  </mapping>
  <mapping>
    <identity value="v2" />
    <uri value="http://hl7.org/v2" />
    <name value="HL7 v2 Mapping" />
  </mapping>
  <mapping>
    <identity value="rim" />
    <uri value="http://hl7.org/v3" />
    <name value="RIM Mapping" />
  </mapping>
  <mapping>
    <identity value="w5" />
    <uri value="http://hl7.org/fhir/fivews" />
    <name value="FiveWs Pattern Mapping" />
  </mapping>
  <mapping>
    <identity value="sct-attr" />
    <uri value="http://snomed.org/attributebinding" />
    <name value="SNOMED CT Attribute Binding" />
  </mapping>
  <kind value="resource" />
  <abstract value="false" />
  <type value="Observation" />
  <baseDefinition value="http://hl7.org/fhir/StructureDefinition/Observation" />
  <derivation value="constraint" />
  <differential>
    <element id="Observation.meta">
      <path value="Observation.meta" />
      <mustSupport value="true" />
    </element>
    <element id="Observation.meta.profile">
      <path value="Observation.meta.profile" />
      <mustSupport value="true" />
    </element>
    <element id="Observation.category">
      <path value="Observation.category" />
      <min value="1" />
      <mustSupport value="true" />
    </element>
    <element id="Observation.category.coding">
      <path value="Observation.category.coding" />
      <slicing>
        <discriminator>
          <type value="pattern" />
          <path value="$this" />
        </discriminator>
        <rules value="open" />
      </slicing>
      <min value="1" />
      <mustSupport value="true" />
    </element>
    <element id="Observation.category.coding:socialHistory">
      <path value="Observation.category.coding" />
      <sliceName value="socialHistory" />
      <min value="1" />
      <max value="1" />
      <patternCoding>
        <system value="http://terminology.hl7.org/CodeSystem/observation-category" />
        <code value="social-history" />
      </patternCoding>
      <mustSupport value="true" />
    </element>
    <element id="Observation.category.coding:socialHistory.system">
      <path value="Observation.category.coding.system" />
      <min value="1" />
    </element>
    <element id="Observation.category.coding:socialHistory.code">
      <path value="Observation.category.coding.code" />
      <min value="1" />
    </element>
    <element id="Observation.code">
      <path value="Observation.code" />
      <mustSupport value="true" />
    </element>
    <element id="Observation.code.coding">
      <path value="Observation.code.coding" />
      <slicing>
        <discriminator>
          <type value="pattern" />
          <path value="$this" />
        </discriminator>
        <rules value="open" />
      </slicing>
      <min value="1" />
      <mustSupport value="true" />
    </element>
    <element id="Observation.code.coding:loinc">
      <path value="Observation.code.coding" />
      <sliceName value="loinc" />
      <min value="1" />
      <max value="1" />
      <patternCoding>
        <system value="http://loinc.org" />
        <code value="8691-8" />
      </patternCoding>
      <mustSupport value="true" />
    </element>
    <element id="Observation.code.coding:loinc.system">
      <path value="Observation.code.coding.system" />
      <min value="1" />
    </element>
    <element id="Observation.code.coding:loinc.code">
      <path value="Observation.code.coding.code" />
      <min value="1" />
    </element>
    <element id="Observation.subject">
      <path value="Observation.subject" />
      <min value="1" />
      <type>
        <code value="Reference" />
        <targetProfile value="http://hl7.org/fhir/StructureDefinition/Patient" />
        <targetProfile value="http://hl7.org/fhir/StructureDefinition/Group" />
      </type>
      <mustSupport value="true" />
    </element>
    <element id="Observation.value[x]">
      <path value="Observation.value[x]" />
      <slicing>
        <discriminator>
          <type value="type" />
          <path value="$this" />
        </discriminator>
        <rules value="open" />
      </slicing>
      <min value="1" />
      <type>
        <code value="CodeableConcept" />
      </type>
      <mustSupport value="true" />
      <binding>
        <strength value="required" />
        <description value="Yes | No | Unknown" />
        <valueSet value="https://www.netzwerk-universitaetsmedizin.de/fhir/ValueSet/yes-no-unknown-other-na" />
      </binding>
    </element>
    <element id="Observation.value[x]:valueCodeableConcept">
      <path value="Observation.value[x]" />
      <sliceName value="valueCodeableConcept" />
      <type>
        <code value="CodeableConcept" />
      </type>
    </element>
    <element id="Observation.value[x]:valueCodeableConcept.coding">
      <path value="Observation.value[x].coding" />
      <min value="1" />
    </element>
    <element id="Observation.value[x]:valueCodeableConcept.coding.system">
      <path value="Observation.value[x].coding.system" />
      <min value="1" />
    </element>
    <element id="Observation.value[x]:valueCodeableConcept.coding.code">
      <path value="Observation.value[x].coding.code" />
      <min value="1" />
    </element>
    <element id="Observation.bodySite">
      <path value="Observation.bodySite" />
      <max value="0" />
    </element>
    <element id="Observation.specimen">
      <path value="Observation.specimen" />
      <max value="0" />
    </element>
    <element id="Observation.referenceRange">
      <path value="Observation.referenceRange" />
      <max value="0" />
    </element>
    <element id="Observation.component">
      <path value="Observation.component" />
      <slicing>
        <discriminator>
          <type value="pattern" />
          <path value="code" />
        </discriminator>
        <rules value="open" />
      </slicing>
      <mustSupport value="true" />
    </element>
    <element id="Observation.component:TravelStartDate">
      <path value="Observation.component" />
      <sliceName value="TravelStartDate" />
      <max value="1" />
      <mustSupport value="true" />
    </element>
    <element id="Observation.component:TravelStartDate.code">
      <path value="Observation.component.code" />
      <patternCodeableConcept>
        <coding>
          <system value="http://loinc.org" />
          <code value="82752-7" />
          <display value="Date travel started" />
        </coding>
      </patternCodeableConcept>
    </element>
    <element id="Observation.component:TravelStartDate.code.coding">
      <path value="Observation.component.code.coding" />
      <min value="1" />
    </element>
    <element id="Observation.component:TravelStartDate.code.coding.system">
      <path value="Observation.component.code.coding.system" />
      <min value="1" />
    </element>
    <element id="Observation.component:TravelStartDate.code.coding.code">
      <path value="Observation.component.code.coding.code" />
      <min value="1" />
    </element>
    <element id="Observation.component:TravelStartDate.code.coding.display">
      <path value="Observation.component.code.coding.display" />
      <min value="1" />
    </element>
    <element id="Observation.component:TravelStartDate.value[x]">
      <path value="Observation.component.value[x]" />
      <type>
        <code value="dateTime" />
      </type>
    </element>
    <element id="Observation.component:Country">
      <path value="Observation.component" />
      <sliceName value="Country" />
      <max value="1" />
      <mustSupport value="true" />
    </element>
    <element id="Observation.component:Country.code">
      <path value="Observation.component.code" />
      <patternCodeableConcept>
        <coding>
          <system value="http://loinc.org" />
          <code value="94651-7" />
          <display value="Country of travel" />
        </coding>
      </patternCodeableConcept>
    </element>
    <element id="Observation.component:Country.code.coding">
      <path value="Observation.component.code.coding" />
      <min value="1" />
    </element>
    <element id="Observation.component:Country.code.coding.system">
      <path value="Observation.component.code.coding.system" />
      <min value="1" />
    </element>
    <element id="Observation.component:Country.code.coding.code">
      <path value="Observation.component.code.coding.code" />
      <min value="1" />
    </element>
    <element id="Observation.component:Country.code.coding.display">
      <path value="Observation.component.code.coding.display" />
      <min value="1" />
    </element>
    <element id="Observation.component:Country.value[x]">
      <path value="Observation.component.value[x]" />
      <type>
        <code value="CodeableConcept" />
      </type>
      <binding>
        <strength value="preferred" />
        <description value="ISO 3166 Part 1 2-letter codes" />
        <valueSet value="http://hl7.org/fhir/ValueSet/iso3166-1-2" />
      </binding>
    </element>
    <element id="Observation.component:State">
      <path value="Observation.component" />
      <sliceName value="State" />
      <max value="1" />
      <mustSupport value="true" />
    </element>
    <element id="Observation.component:State.code">
      <path value="Observation.component.code" />
      <patternCodeableConcept>
        <coding>
          <system value="http://loinc.org" />
          <code value="82754-3" />
          <display value="State of travel" />
        </coding>
      </patternCodeableConcept>
    </element>
    <element id="Observation.component:State.code.coding">
      <path value="Observation.component.code.coding" />
      <min value="1" />
    </element>
    <element id="Observation.component:State.code.coding.system">
      <path value="Observation.component.code.coding.system" />
      <min value="1" />
    </element>
    <element id="Observation.component:State.code.coding.code">
      <path value="Observation.component.code.coding.code" />
      <min value="1" />
    </element>
    <element id="Observation.component:State.code.coding.display">
      <path value="Observation.component.code.coding.display" />
      <min value="1" />
    </element>
    <element id="Observation.component:State.value[x]">
      <path value="Observation.component.value[x]" />
      <type>
        <code value="CodeableConcept" />
      </type>
      <binding>
        <strength value="extensible" />
        <valueSet value="http://fhir.de/ValueSet/iso/bundeslaender" />
      </binding>
    </element>
    <element id="Observation.component:City">
      <path value="Observation.component" />
      <sliceName value="City" />
      <max value="1" />
      <mustSupport value="true" />
    </element>
    <element id="Observation.component:City.code">
      <path value="Observation.component.code" />
      <patternCodeableConcept>
        <coding>
          <system value="http://loinc.org" />
          <code value="94653-3" />
          <display value="City of travel" />
        </coding>
      </patternCodeableConcept>
    </element>
    <element id="Observation.component:City.code.coding">
      <path value="Observation.component.code.coding" />
      <min value="1" />
    </element>
    <element id="Observation.component:City.code.coding.system">
      <path value="Observation.component.code.coding.system" />
      <min value="1" />
    </element>
    <element id="Observation.component:City.code.coding.code">
      <path value="Observation.component.code.coding.code" />
      <min value="1" />
    </element>
    <element id="Observation.component:City.code.coding.display">
      <path value="Observation.component.code.coding.display" />
      <min value="1" />
    </element>
    <element id="Observation.component:City.value[x]">
      <path value="Observation.component.value[x]" />
      <type>
        <code value="string" />
      </type>
    </element>
    <element id="Observation.component:TravelEndDate">
      <path value="Observation.component" />
      <sliceName value="TravelEndDate" />
      <max value="1" />
      <mustSupport value="true" />
    </element>
    <element id="Observation.component:TravelEndDate.code">
      <path value="Observation.component.code" />
      <patternCodeableConcept>
        <coding>
          <system value="http://loinc.org" />
          <code value="91560-3" />
          <display value="Date of departure from travel destination" />
        </coding>
      </patternCodeableConcept>
    </element>
    <element id="Observation.component:TravelEndDate.code.coding">
      <path value="Observation.component.code.coding" />
      <min value="1" />
    </element>
    <element id="Observation.component:TravelEndDate.code.coding.system">
      <path value="Observation.component.code.coding.system" />
      <min value="1" />
    </element>
    <element id="Observation.component:TravelEndDate.code.coding.code">
      <path value="Observation.component.code.coding.code" />
      <min value="1" />
    </element>
    <element id="Observation.component:TravelEndDate.code.coding.display">
      <path value="Observation.component.code.coding.display" />
      <min value="1" />
    </element>
    <element id="Observation.component:TravelEndDate.value[x]">
      <path value="Observation.component.value[x]" />
      <type>
        <code value="dateTime" />
      </type>
    </element>
  </differential>
</StructureDefinition>