{
	"resourceType": "Observation",
	"id": "bdae0949-afc5-45c4-80b0-d82289e677b7",
	"meta": {
		"profile": [
			"https://www.medizininformatik-initiative.de/fhir/core/modul-labor/StructureDefinition/ObservationLab"
		]
	},
	"identifier": [
		{
			"type": {
				"coding": [
					{
						"system": "http://terminology.hl7.org/CodeSystem/v2-0203",
						"code": "OBI"
					}
				]
			},
			"system": "https://www.charite.de/fhir/CodeSystem/lab-identifiers",
			"value": "14804-9_lactate-dehydrogenase-enzymatic-activity-per-volume-in-serum-or-plasma-by-lactate-to-pyruvate-reaction",
			"assigner": {
				"reference": "Organization/Charité"
			}
		}
	],
	"status": "final",
	"category": [
		{
			"coding": [
				{
					"system": "http://loinc.org",
					"code": "26436-6"
				},
				{
					"system": "http://terminology.hl7.org/CodeSystem/observation-category",
					"code": "laboratory"
				}
			]
		}
	],
	"code": {
		"coding": [
			{
				"system": "http://loinc.org",
				"code": "14804-9",
				"display": "Lactate dehydrogenase [Enzymatic activity/volume] in Serum or Plasma by Lactate to pyruvate reaction"
			}
		],
		"text": "Lactate dehydrogenase"
	},
	"subject": {
		"reference": "Patient/c786ac3c-0579-4aa2-adda-db784b214ad6"
	},
	"effectiveDateTime": "2020-10-16T08:49:21+02:00",
	"valueQuantity": {
		"value": 244,
		"unit": "U/L",
		"system": "http://unitsofmeasure.org",
		"code": "U/L"
	}
}