{
	"resourceType": "Observation",
	"id": "ee7afc8a-77fd-4394-a475-6171865f7119",
	"meta": {
		"profile": [
			"https://www.netzwerk-universitaetsmedizin.de/fhir/StructureDefinition/interventional-clinical-trial-participation"
		]
	},
	"identifier": [
		{
			"type": {
				"coding": [
					{
						"system": "http://terminology.hl7.org/CodeSystem/v2-0203",
						"code": "OBI"
					}
				]
			},
			"system": "https://www.charite.de/fhir/CodeSystem/observation-identifiers",
			"value": "ecrf_03_InterventionalClinicalTrialsParticipation",
			"assigner": {
				"reference": "Organization/Charité"
			}
		}
	],
	"status": "final",
	"category": [
		{
			"coding": [
				{
					"system": "http://terminology.hl7.org/CodeSystem/observation-category",
					"code": "survey"
				}
			]
		}
	],
	"code": {
		"coding": [
			{
				"system": "https://www.netzwerk-universitaetsmedizin.de/fhir/CodeSystem/ecrf-parameter-codes",
				"code": "03",
				"display": "Participation in interventional clinical trials"
			}
		],
		"text": "Has the patient participated in one or more interventional clinical trials?"
	},
	"subject": {
		"reference": "Patient/c786ac3c-0579-4aa2-adda-db784b214ad6"
	},
	"effectiveDateTime": "2020-10-16T08:49:21+02:00",
	"valueCodeableConcept": {
		"coding": [
			{
				"system": "http://snomed.info/sct",
				"code": "373066001",
				"display": "Yes (qualifier value)"
			}
		],
		"text": "Patient is enrolled in other studies"
	},
	"component": [
		{
			"code": {
				"coding": [
					{
						"system": "https://www.netzwerk-universitaetsmedizin.de/fhir/CodeSystem/ecrf-parameter-codes",
						"code": "04",
						"display": "EudraCT Number"
					}
				],
				"text": "EudraCT (European Union Drug Regulating Authorities Clinical Trials) registration number"
			},
			"valueString": "2020-042169-13"
		}
	]
}