{
	"resourceType": "Observation",
	"id": "63e70e3f-99ea-4a47-beac-997f508306a5",
	"meta": {
		"profile": [
			"https://www.netzwerk-universitaetsmedizin.de/fhir/StructureDefinition/study-inclusion-covid-19"
		]
	},
	"identifier": [
		{
			"type": {
				"coding": [
					{
						"system": "http://terminology.hl7.org/CodeSystem/v2-0203",
						"code": "OBI"
					}
				]
			},
			"system": "https://www.charite.de/fhir/CodeSystem/observation-identifiers",
			"value": "ecrf_02_StudyInclusionCovid19",
			"assigner": {
				"reference": "Organization/Charité"
			}
		}
	],
	"status": "final",
	"category": [
		{
			"coding": [
				{
					"system": "http://terminology.hl7.org/CodeSystem/observation-category",
					"code": "survey"
				}
			]
		}
	],
	"code": {
		"coding": [
			{
				"system": "https://www.netzwerk-universitaetsmedizin.de/fhir/CodeSystem/ecrf-parameter-codes",
				"code": "02",
				"display": "Study inclusion due to Covid-19"
			}
		],
		"text": "Confirmed Covid-19 diagnosis as main reason for enrolment in the study"
	},
	"subject": {
		"reference": "Patient/c786ac3c-0579-4aa2-adda-db784b214ad6"
	},
	"effectiveDateTime": "2020-10-16T08:49:21+02:00",
	"valueCodeableConcept": {
		"coding": [
			{
				"system": "http://snomed.info/sct",
				"code": "373066001",
				"display": "Yes (qualifier value)"
			}
		],
		"text": "Covid-19 as primary reason for study inclusion"
	}
}