{
	"resourceType": "Observation",
	"id": "e7744e30-d2c7-4047-b25f-2b9bdcbc5883",
	"meta": {
		"profile": [
			"https://www.medizininformatik-initiative.de/fhir/core/modul-labor/StructureDefinition/ObservationLab"
		]
	},
	"identifier": [
		{
			"type": {
				"coding": [
					{
						"system": "http://terminology.hl7.org/CodeSystem/v2-0203",
						"code": "OBI"
					}
				]
			},
			"system": "https://www.charite.de/fhir/CodeSystem/lab-identifiers",
			"value": "731-0_lymphocytes-number-per-volume-in-blood-by-automated-count",
			"assigner": {
				"reference": "Organization/Charité"
			}
		}
	],
	"status": "final",
	"category": [
		{
			"coding": [
				{
					"system": "http://loinc.org",
					"code": "26436-6"
				},
				{
					"system": "http://terminology.hl7.org/CodeSystem/observation-category",
					"code": "laboratory"
				}
			]
		}
	],
	"code": {
		"coding": [
			{
				"system": "http://loinc.org",
				"code": "731-0",
				"display": "Lymphocytes [#/volume] in Blood by Automated count"
			}
		],
		"text": "Lymphocytes"
	},
	"subject": {
		"reference": "Patient/c786ac3c-0579-4aa2-adda-db784b214ad6"
	},
	"effectiveDateTime": "2020-10-16T08:49:21+02:00",
	"valueQuantity": {
		"value": 2.5,
		"unit": "10*3/uL",
		"system": "http://unitsofmeasure.org",
		"code": "10*3/uL"
	}
}