{
	"resourceType": "Observation",
	"id": "b5adbc53-a1ee-4a57-9ede-fae4b4462bfb",
	"meta": {
		"profile": [
			"https://www.netzwerk-universitaetsmedizin.de/fhir/StructureDefinition/sars-cov-2-igm-ser-pl-ia-acnc"
		]
	},
	"identifier": [
		{
			"type": {
				"coding": [
					{
						"system": "http://terminology.hl7.org/CodeSystem/v2-0203",
						"code": "OBI"
					}
				]
			},
			"system": "https://www.charite.de/fhir/CodeSystem/lab-identifiers",
			"value": "94505-5_SARS-CoV-2-IgM-Qn",
			"assigner": {
				"reference": "Organization/Charité"
			}
		}
	],
	"status": "final",
	"category": [
		{
			"coding": [
				{
					"system": "http://loinc.org",
					"code": "26436-6"
				},
				{
					"system": "http://terminology.hl7.org/CodeSystem/observation-category",
					"code": "laboratory"
				}
			]
		}
	],
	"code": {
		"coding": [
			{
				"system": "http://loinc.org",
				"code": "94506-3",
				"display": "SARS-CoV-2 (COVID-19) IgM Ab [Units/volume] in Serum or Plasma by Immunoassay"
			}
		],
		"text": "SARS-CoV-2 IgM antibodies quantitative"
	},
	"subject": {
		"reference": "Patient/c786ac3c-0579-4aa2-adda-db784b214ad6"
	},
	"effectiveDateTime": "2020-10-19T08:43:33+02:00",
	"valueQuantity": {
		"value": 219.5,
		"unit": "[arb'U]/mL",
		"system": "http://unitsofmeasure.org",
		"code": "[arb'U]/mL"
	}
}