{
	"resourceType": "Observation",
	"id": "f72e0fbe-08c2-495b-b43a-be2477221b3a",
	"meta": {
		"profile": [
			"https://www.netzwerk-universitaetsmedizin.de/fhir/StructureDefinition/smoking-status"
		]
	},
	"status": "final",
	"category": [
		{
			"coding": [
				{
					"system": "http://terminology.hl7.org/CodeSystem/observation-category",
					"code": "social-history",
					"display": "Social History"
				}
			]
		}
	],
	"code": {
		"coding": [
			{
				"system": "http://loinc.org",
				"code": "72166-2",
				"display": "Tobacco smoking status"
			}
		]
	},
	"subject": {
		"reference": "Patient/c786ac3c-0579-4aa2-adda-db784b214ad6"
	},
	"effectiveDateTime": "2020-10-06",
	"valueCodeableConcept": {
		"coding": [
			{
				"system": "http://loinc.org",
				"code": "LA18976-3",
				"display": "Current every day smoker"
			}
		],
		"text": "Patient is smoker"
	}
}