{
	"resourceType": "Observation",
	"id": "c9f96dd3-a77a-4aa9-9b12-43cd1972d9a4",
	"meta": {
		"profile": [
			"https://www.netzwerk-universitaetsmedizin.de/fhir/StructureDefinition/inhaled-oxygen-concentration"
		]
	},
	"identifier": [
		{
			"type": {
				"coding": [
					{
						"system": "http://terminology.hl7.org/CodeSystem/v2-0203",
						"code": "OBI"
					}
				]
			},
			"system": "https://www.charite.de/fhir/CodeSystem/lab-identifiers",
			"value": "3150-0_FiO2",
			"assigner": {
				"reference": "Organization/Charité"
			}
		}
	],
	"status": "final",
	"category": [
		{
			"coding": [
				{
					"system": "http://loinc.org",
					"code": "26436-6"
				},
				{
					"system": "http://terminology.hl7.org/CodeSystem/observation-category",
					"code": "laboratory"
				},
				{
					"system": "http://loinc.org",
					"code": "18767-4"
				}
			]
		}
	],
	"code": {
		"coding": [
			{
				"system": "http://loinc.org",
				"code": "3150-0",
				"display": "Inhaled oxygen concentration"
			}
		],
		"text": "Inhaled oxygen concentration"
	},
	"subject": {
		"reference": "Patient/c786ac3c-0579-4aa2-adda-db784b214ad6"
	},
	"effectiveDateTime": "2020-09-21",
	"valueQuantity": {
		"value": 21,
		"unit": "%",
		"system": "http://unitsofmeasure.org",
		"code": "%"
	}
}