{
	"resourceType": "Observation",
	"id": "a4c0ba25-eb4e-4d30-8e8f-762234609c0e",
	"meta": {
		"profile": [
			"https://www.medizininformatik-initiative.de/fhir/core/modul-labor/StructureDefinition/ObservationLab"
		]
	},
	"identifier": [
		{
			"type": {
				"coding": [
					{
						"system": "http://terminology.hl7.org/CodeSystem/v2-0203",
						"code": "OBI"
					}
				]
			},
			"system": "https://www.charite.de/fhir/CodeSystem/lab-identifiers",
			"value": "2324-2_gamma-glutamyl-transferase-enzymatic-activity-per-volume-in-serum-or-plasma",
			"assigner": {
				"reference": "Organization/Charité"
			}
		}
	],
	"status": "final",
	"category": [
		{
			"coding": [
				{
					"system": "http://loinc.org",
					"code": "26436-6"
				},
				{
					"system": "http://terminology.hl7.org/CodeSystem/observation-category",
					"code": "laboratory"
				}
			]
		}
	],
	"code": {
		"coding": [
			{
				"system": "http://loinc.org",
				"code": "2324-2",
				"display": "Gamma glutamyl transferase [Enzymatic activity/volume] in Serum or Plasma"
			}
		],
		"text": "Gamma glutamyl transferase"
	},
	"subject": {
		"reference": "Patient/c786ac3c-0579-4aa2-adda-db784b214ad6"
	},
	"effectiveDateTime": "2020-10-16T08:49:21+02:00",
	"valueQuantity": {
		"value": 25,
		"unit": "U/L",
		"system": "http://unitsofmeasure.org",
		"code": "U/L"
	}
}