{
	"resourceType": "Observation",
	"id": "9cd9ca09-3b1f-41eb-bd07-c8c78c236ab6",
	"meta": {
		"profile": [
			"https://www.netzwerk-universitaetsmedizin.de/fhir/StructureDefinition/interventional-clinical-trial-participation"
		]
	},
	"identifier": [
		{
			"type": {
				"coding": [
					{
						"system": "http://terminology.hl7.org/CodeSystem/v2-0203",
						"code": "OBI"
					}
				]
			},
			"system": "https://www.charite.de/fhir/CodeSystem/observation-identifiers",
			"value": "ecrf_03_InterventionalClinicalTrialsParticipation",
			"assigner": {
				"reference": "Organization/Charité"
			}
		}
	],
	"status": "final",
	"category": [
		{
			"coding": [
				{
					"system": "http://terminology.hl7.org/CodeSystem/observation-category",
					"code": "survey"
				}
			]
		}
	],
	"code": {
		"coding": [
			{
				"system": "https://www.netzwerk-universitaetsmedizin.de/fhir/CodeSystem/ecrf-parameter-codes",
				"code": "03",
				"display": "Participation in interventional clinical trials"
			}
		],
		"text": "Has the patient participated in one or more interventional clinical trials?"
	},
	"subject": {
		"reference": "Patient/c786ac3c-0579-4aa2-adda-db784b214ad6"
	},
	"effectiveDateTime": "2020-10-16T08:49:21+02:00",
	"valueCodeableConcept": {
		"coding": [
			{
				"system": "http://snomed.info/sct",
				"code": "373067005",
				"display": "No (qualifier value)"
			}
		],
		"text": "Patient is not enrolled in other studies"
	}
}