<?xml version="1.0" encoding="utf-8"?>
<StructureDefinition xmlns="http://hl7.org/fhir">
  <id value="gecco-observation-inhaled-oxygen-concentration" />
  <url value="https://www.netzwerk-universitaetsmedizin.de/fhir/StructureDefinition/inhaled-oxygen-concentration" />
  <version value="1.0.4" />
  <name value="FiO2" />
  <title value="FiO2" />
  <status value="active" />
  <date value="2021-05-28" />
  <publisher value="Charité" />
  <contact>
    <telecom>
      <system value="url" />
      <value value="https://www.bihealth.org/en/research/core-facilities/interoperability/" />
    </telecom>
  </contact>
  <description value="Fraction of inspired oxygen" />
  <fhirVersion value="4.0.1" />
  <kind value="resource" />
  <abstract value="false" />
  <type value="Observation" />
  <baseDefinition value="https://www.medizininformatik-initiative.de/fhir/core/modul-labor/StructureDefinition/ObservationLab" />
  <derivation value="constraint" />
  <differential>
    <element id="Observation.category.coding:blood-gas-studies">
      <path value="Observation.category.coding" />
      <sliceName value="blood-gas-studies" />
      <max value="1" />
      <patternCoding>
        <system value="http://loinc.org" />
        <code value="18767-4" />
      </patternCoding>
    </element>
    <element id="Observation.code.coding">
      <path value="Observation.code.coding" />
      <slicing>
        <discriminator>
          <type value="pattern" />
          <path value="$this" />
        </discriminator>
        <rules value="open" />
      </slicing>
      <min value="1" />
      <mustSupport value="true" />
    </element>
    <element id="Observation.code.coding:loinc">
      <path value="Observation.code.coding" />
      <sliceName value="loinc" />
      <min value="1" />
      <max value="1" />
      <patternCoding>
        <system value="http://loinc.org" />
        <code value="3150-0" />
      </patternCoding>
    </element>
    <element id="Observation.code.coding:loinc.system">
      <path value="Observation.code.coding.system" />
      <min value="1" />
    </element>
    <element id="Observation.code.coding:loinc.code">
      <path value="Observation.code.coding.code" />
      <min value="1" />
    </element>
    <element id="Observation.code.coding:snomed">
      <path value="Observation.code.coding" />
      <sliceName value="snomed" />
      <max value="1" />
      <patternCoding>
        <system value="http://snomed.info/sct" />
        <code value="250774007" />
      </patternCoding>
    </element>
    <element id="Observation.code.coding:snomed.system">
      <path value="Observation.code.coding.system" />
      <min value="1" />
    </element>
    <element id="Observation.code.coding:snomed.code">
      <path value="Observation.code.coding.code" />
      <min value="1" />
    </element>
    <element id="Observation.value[x]:valueQuantity">
      <path value="Observation.value[x]" />
      <sliceName value="valueQuantity" />
    </element>
    <element id="Observation.value[x]:valueQuantity.code">
      <path value="Observation.value[x].code" />
      <fixedCode value="%" />
    </element>
    <element id="Observation.value[x]:valueCodeableConcept">
      <path value="Observation.value[x]" />
      <sliceName value="valueCodeableConcept" />
      <binding>
        <strength value="example" />
        <description value="O2_mask / Oxygen by mask" />
        <valueSet value="http://loinc.org/vs/LL738-6" />
      </binding>
    </element>
  </differential>
</StructureDefinition>