{
	"resourceType": "Observation",
	"id": "32b7247c-1346-407b-b771-9a0269020171",
	"meta": {
		"profile": [
			"https://www.medizininformatik-initiative.de/fhir/core/modul-labor/StructureDefinition/ObservationLab"
		]
	},
	"identifier": [
		{
			"type": {
				"coding": [
					{
						"system": "http://terminology.hl7.org/CodeSystem/v2-0203",
						"code": "OBI"
					}
				]
			},
			"system": "https://www.charite.de/fhir/CodeSystem/lab-identifiers",
			"value": "718-7_hemoglobin-mass-per-volume-in-blood",
			"assigner": {
				"reference": "Organization/Charité"
			}
		}
	],
	"status": "final",
	"category": [
		{
			"coding": [
				{
					"system": "http://loinc.org",
					"code": "26436-6"
				},
				{
					"system": "http://terminology.hl7.org/CodeSystem/observation-category",
					"code": "laboratory"
				}
			]
		}
	],
	"code": {
		"coding": [
			{
				"system": "http://loinc.org",
				"code": "718-7",
				"display": "Hemoglobin [Mass/volume] in Blood"
			}
		],
		"text": "Hemoglobin"
	},
	"subject": {
		"reference": "Patient/c786ac3c-0579-4aa2-adda-db784b214ad6"
	},
	"effectiveDateTime": "2020-10-16T08:49:21+02:00",
	"valueQuantity": {
		"value": 9.3,
		"unit": "g/dL",
		"system": "http://unitsofmeasure.org",
		"code": "g/dL"
	}
}