{
	"resourceType": "Observation",
	"id": "f86dc9e5-3172-49bb-92da-43be43d83653",
	"meta": {
		"profile": [
			"https://www.netzwerk-universitaetsmedizin.de/fhir/StructureDefinition/sex-assigned-at-birth"
		]
	},
	"status": "final",
	"category": [
		{
			"coding": [
				{
					"system": "http://terminology.hl7.org/CodeSystem/observation-category",
					"code": "social-history",
					"display": "Social History"
				}
			]
		}
	],
	"code": {
		"coding": [
			{
				"system": "http://loinc.org",
				"code": "76689-9",
				"display": "Sex assigned at birth"
			}
		]
	},
	"subject": {
		"reference": "Patient/c786ac3c-0579-4aa2-adda-db784b214ad6"
	},
	"effectiveDateTime": "2020-10-26T10:51:48+01:00",
	"valueCodeableConcept": {
		"coding": [
			{
				"system": "http://fhir.de/CodeSystem/gender-amtlich-de",
				"code": "X",
				"display": "unbestimmt"
			}
		],
		"text": "Unspecified"
	}
}