{
	"resourceType": "Observation",
	"id": "ce01e111-da00-438e-8584-0d14000a5388",
	"meta": {
		"profile": [
			"https://www.netzwerk-universitaetsmedizin.de/fhir/StructureDefinition/patient-in-icu"
		]
	},
	"status": "final",
	"category": [
		{
			"coding": [
				{
					"system": "http://terminology.hl7.org/CodeSystem/observation-category",
					"code": "survey",
					"display": "Survey"
				}
			]
		}
	],
	"code": {
		"coding": [
			{
				"system": "http://loinc.org",
				"code": "95420-6",
				"display": "Whether the patient was admitted to intensive care unit (ICU) for condition of interest"
			}
		]
	},
	"subject": {
		"reference": "Patient/c786ac3c-0579-4aa2-adda-db784b214ad6"
	},
	"effectiveDateTime": "2020-10-14",
	"valueCodeableConcept": {
		"coding": [
			{
				"system": "http://snomed.info/sct",
				"code": "261665006",
				"display": "Unknown (qualifier value)"
			}
		]
	}
}