{
	"resourceType": "Observation",
	"id": "22732de8-3eb6-477e-81d6-28fb906b3e4e",
	"meta": {
		"profile": [
			"https://www.netzwerk-universitaetsmedizin.de/fhir/StructureDefinition/sars-cov-2-ab-ser-pl-ia-acnc"
		]
	},
	"identifier": [
		{
			"type": {
				"coding": [
					{
						"system": "http://terminology.hl7.org/CodeSystem/v2-0203",
						"code": "OBI"
					}
				]
			},
			"system": "https://www.charite.de/fhir/CodeSystem/lab-identifiers",
			"value": "94769-7_SARS-CoV-2-Ab-Qn",
			"assigner": {
				"reference": "Organization/Charité"
			}
		}
	],
	"status": "final",
	"category": [
		{
			"coding": [
				{
					"system": "http://loinc.org",
					"code": "26436-6"
				},
				{
					"system": "http://terminology.hl7.org/CodeSystem/observation-category",
					"code": "laboratory"
				}
			]
		}
	],
	"code": {
		"coding": [
			{
				"system": "http://loinc.org",
				"code": "94769-7",
				"display": "SARS-CoV-2 (COVID-19) Ab [Units/volume] in Serum or Plasma by Immunoassay"
			}
		],
		"text": "SARS-CoV-2 antibodies quantitative"
	},
	"subject": {
		"reference": "Patient/c786ac3c-0579-4aa2-adda-db784b214ad6"
	},
	"effectiveDateTime": "2020-10-19T08:43:33+02:00",
	"valueQuantity": {
		"value": 240,
		"unit": "[IU]/mL",
		"system": "http://unitsofmeasure.org",
		"code": "[IU]/mL"
	}
}