{
	"resourceType": "Observation",
	"id": "ef83b23e-8463-4e3d-8a55-52b0768dfc5b",
	"meta": {
		"profile": [
			"https://www.netzwerk-universitaetsmedizin.de/fhir/StructureDefinition/sars-cov-2-rt-pcr"
		]
	},
	"identifier": [
		{
			"type": {
				"coding": [
					{
						"system": "http://terminology.hl7.org/CodeSystem/v2-0203",
						"code": "OBI"
					}
				]
			},
			"system": "https://www.charite.de/fhir/CodeSystem/lab-identifiers",
			"value": "94500-6_SARS-CoV-2-RNA-Presence-in-Respiratory-specimen",
			"assigner": {
				"reference": "Organization/Charité"
			}
		}
	],
	"status": "final",
	"category": [
		{
			"coding": [
				{
					"system": "http://loinc.org",
					"code": "26436-6"
				},
				{
					"system": "http://terminology.hl7.org/CodeSystem/observation-category",
					"code": "laboratory"
				}
			]
		}
	],
	"code": {
		"coding": [
			{
				"system": "http://loinc.org",
				"code": "94500-6",
				"display": "SARS-CoV-2 (COVID-19) RNA [Presence] in Respiratory specimen by NAA with probe detection"
			}
		],
		"text": "SARS-CoV-2-RNA (PCR)"
	},
	"subject": {
		"reference": "Patient/c786ac3c-0579-4aa2-adda-db784b214ad6"
	},
	"effectiveDateTime": "2020-10-16T08:49:21+02:00",
	"valueCodeableConcept": {
		"coding": [
			{
				"system": "http://snomed.info/sct",
				"code": "419984006",
				"display": "Inconclusive (qualifier value)"
			}
		],
		"text": "SARS-CoV-2-RNA nicht eindeutig"
	}
}