<?xml version="1.0" encoding="utf-8"?>
<StructureDefinition xmlns="http://hl7.org/fhir">
  <id value="gecco-medication-statement-pharmacological-therapy-covid-19" />
  <url value="https://www.netzwerk-universitaetsmedizin.de/fhir/StructureDefinition/pharmacological-therapy" />
  <version value="1.0" />
  <name value="PharmacologicalTherapy" />
  <title value="Pharmacological Therapy" />
  <status value="active" />
  <date value="2020-10-29" />
  <publisher value="Charité" />
  <contact>
    <telecom>
      <system value="url" />
      <value value="https://www.bihealth.org/en/research/core-facilities/interoperability/" />
    </telecom>
  </contact>
  <description value="Pharmacological therapy in the context of Covid-19" />
  <fhirVersion value="4.0.1" />
  <kind value="resource" />
  <abstract value="false" />
  <type value="MedicationStatement" />
  <baseDefinition value="https://www.medizininformatik-initiative.de/fhir/core/modul-medikation/StructureDefinition/MedicationStatement" />
  <derivation value="constraint" />
  <differential>
    <element id="MedicationStatement.medication[x]">
      <path value="MedicationStatement.medication[x]" />
      <slicing>
        <discriminator>
          <type value="type" />
          <path value="$this" />
        </discriminator>
        <rules value="open" />
      </slicing>
      <type>
        <code value="CodeableConcept" />
      </type>
    </element>
    <element id="MedicationStatement.medication[x]:medicationCodeableConcept">
      <path value="MedicationStatement.medication[x]" />
      <sliceName value="medicationCodeableConcept" />
      <type>
        <code value="CodeableConcept" />
      </type>
    </element>
    <element id="MedicationStatement.medication[x]:medicationCodeableConcept.coding">
      <path value="MedicationStatement.medication[x].coding" />
      <slicing>
        <discriminator>
          <type value="pattern" />
          <path value="$this" />
        </discriminator>
        <rules value="open" />
      </slicing>
      <min value="1" />
    </element>
    <element id="MedicationStatement.medication[x]:medicationCodeableConcept.coding:atcClassDe">
      <path value="MedicationStatement.medication[x].coding" />
      <sliceName value="atcClassDe" />
      <patternCoding>
        <system value="http://fhir.de/CodeSystem/dimdi/atc" />
      </patternCoding>
      <binding>
        <strength value="extensible" />
        <valueSet value="https://www.netzwerk-universitaetsmedizin.de/fhir/ValueSet/pharmacological-therapy-atc" />
      </binding>
    </element>
    <element id="MedicationStatement.medication[x]:medicationCodeableConcept.coding:atcClassDe.system">
      <path value="MedicationStatement.medication[x].coding.system" />
      <min value="1" />
    </element>
    <element id="MedicationStatement.medication[x]:medicationCodeableConcept.coding:atcClassDe.code">
      <path value="MedicationStatement.medication[x].coding.code" />
      <min value="1" />
    </element>
    <element id="MedicationStatement.medication[x]:medicationCodeableConcept.coding:ops">
      <path value="MedicationStatement.medication[x].coding" />
      <sliceName value="ops" />
      <patternCoding>
        <system value="http://fhir.de/CodeSystem/dimdi/ops" />
      </patternCoding>
      <binding>
        <strength value="extensible" />
        <valueSet value="https://www.netzwerk-universitaetsmedizin.de/fhir/ValueSet/pharmacological-therapy-ops" />
      </binding>
    </element>
    <element id="MedicationStatement.medication[x]:medicationCodeableConcept.coding:ops.system">
      <path value="MedicationStatement.medication[x].coding.system" />
      <min value="1" />
    </element>
    <element id="MedicationStatement.medication[x]:medicationCodeableConcept.coding:ops.code">
      <path value="MedicationStatement.medication[x].coding.code" />
      <min value="1" />
    </element>
    <element id="MedicationStatement.medication[x]:medicationCodeableConcept.coding:snomed">
      <path value="MedicationStatement.medication[x].coding" />
      <sliceName value="snomed" />
      <patternCoding>
        <system value="http://snomed.info/sct" />
      </patternCoding>
    </element>
    <element id="MedicationStatement.medication[x]:medicationCodeableConcept.coding:snomed.system">
      <path value="MedicationStatement.medication[x].coding.system" />
      <min value="1" />
    </element>
    <element id="MedicationStatement.medication[x]:medicationCodeableConcept.coding:snomed.code">
      <path value="MedicationStatement.medication[x].coding.code" />
      <min value="1" />
    </element>
  </differential>
</StructureDefinition>