<ValueSet xmlns="http://hl7.org/fhir">
    <id value="1.2.276.0.76.11.516--20200529150432"/>
    <meta>
        <profile value="http://hl7.org/fhir/StructureDefinition/shareablevalueset"/><!--<profile value="http://hl7.org/fhir/4.0/StructureDefinition/ValueSet"/>-->
    </meta>
    <extension url="http://hl7.org/fhir/StructureDefinition/resource-effectivePeriod">
        <valuePeriod>
            <start value="2020-05-29T15:04:32+02:00"/>
        </valuePeriod>
    </extension>
    <url value="https://www.netzwerk-universitaetsmedizin.de/fhir/ValueSet/pharmacological-therapy-ops"/>
    <identifier>
        <use value="official"/>
        <system value="http://art-decor.org/ns/oids/vs"/>
        <value value="1.2.276.0.76.11.516"/>
    </identifier>
    <version value="1.0.4"/>
    <name value="DrugTherapyOPS"/>
    <title value="Pharmacological Therapy OPS"/>
    <status value="active"/>
    <experimental value="false"/>
    <publisher value="Charité"/>
    <description value="Pharmacological therapy in the context of Covid-19, relevant OPS-Codes"/>
    <immutable value="false"/>
    <compose>
        <include>
            <system value="http://fhir.de/CodeSystem/dimdi/ops"/>
            <version value="2021"/>
            <concept>
                <code value="6-00a.g"/>
                <display value="Sarilumab, parenteral"/>
            </concept>
            <concept>
                <code value="6-005.8"/>
                <display value="Everolimus, oral"/>
            </concept>
            <concept>
                <code value="6-005.7"/>
                <display value="Certolizumab, parenteral"/>
            </concept>
            <concept>
                <code value="6-005.2"/>
                <display value="Golimumab, parenteral"/>
            </concept>
            <concept>
                <code value="6-006.7"/>
                <display value="Canakinumab, parenteral"/>
            </concept>
            <concept>
                <code value="6-009.4"/>
                <display value="Ruxolitinib, oral"/>
            </concept>
        </include>
        <include>
            <system value="http://fhir.de/CodeSystem/dimdi/ops"/>
            <version value="2021"/>
            <filter>
                <property value="concept"/>
                <op value="descendent-of"/>
                <value value="6-005.m"/>
            </filter>
        </include>
        <include>
            <system value="http://fhir.de/CodeSystem/dimdi/ops"/>
            <version value="2021"/>
            <filter>
                <property value="concept"/>
                <op value="descendent-of"/>
                <value value="6-005.n"/>
            </filter>
        </include>
        <include>
            <system value="http://fhir.de/CodeSystem/dimdi/ops"/>
            <version value="2021"/>
            <filter>
                <property value="concept"/>
                <op value="descendent-of"/>
                <value value="6-004.e"/>
            </filter>
        </include>
        <include>
            <system value="http://fhir.de/CodeSystem/dimdi/ops"/>
            <version value="2021"/>
            <filter>
                <property value="concept"/>
                <op value="descendent-of"/>
                <value value="6-001.d"/>
            </filter>
        </include>
        <include>
            <system value="http://fhir.de/CodeSystem/dimdi/ops"/>
            <version value="2021"/>
            <filter>
                <property value="concept"/>
                <op value="descendent-of"/>
                <value value="6-002.b"/>
            </filter>
        </include>
        <include>
            <system value="http://fhir.de/CodeSystem/dimdi/ops"/>
            <version value="2021"/>
            <filter>
                <property value="concept"/>
                <op value="descendent-of"/>
                <value value="6-001.e"/>
            </filter>
        </include>
    </compose>
</ValueSet>