<ValueSet xmlns="http://hl7.org/fhir">
    <id value="1.2.276.0.76.11.489--20200503162244"/>
    <meta>
        <profile value="http://hl7.org/fhir/StructureDefinition/shareablevalueset"/><!--<profile value="http://hl7.org/fhir/4.0/StructureDefinition/ValueSet"/>-->
    </meta>
    <extension url="http://hl7.org/fhir/StructureDefinition/resource-effectivePeriod">
        <valuePeriod>
            <start value="2020-05-03T16:22:44+02:00"/>
        </valuePeriod>
    </extension>
    <url value="https://www.netzwerk-universitaetsmedizin.de/fhir/ValueSet/pregnancy-status"/>
    <identifier>
        <use value="official"/>
        <system value="http://art-decor.org/ns/oids/vs"/>
        <value value="1.2.276.0.76.11.489"/>
    </identifier>
    <version value="1.0"/>
    <name value="PregnancyStatus"/>
    <title value="Pregnancy Status"/>
    <status value="active"/>
    <experimental value="false"/>
    <publisher value="Charité"/>
    <description value="Pregnancy-Status"/>
    <immutable value="false"/>
    <copyright value="This artefact includes content from SNOMED Clinical Terms® (SNOMED CT®) which is copyright of the International Health Terminology Standards Development Organisation (IHTSDO). Implementers of these artefacts must have the appropriate SNOMED CT Affiliate license - for more information contact http://www.snomed.org/snomed-ct/getsnomed-ct or info@snomed.org."/>
    <compose>
        <include>
            <system value="http://snomed.info/sct"/>
            <concept>
                <code value="77386006"/>
                <display value="Pregnant (finding)"/>
                <designation>
                    <language value="de-DE"/>
                    <use>
                        <system value="http://snomed.info/sct"/>
                        <code value="900000000000013009"/>
                        <display value="Synonym"/>
                    </use>
                    <value value="schwanger"/>
                </designation>
            </concept>
            <concept>
                <code value="60001007"/>
                <display value="Not pregnant (finding)"/>
                <designation>
                    <language value="de-DE"/>
                    <use>
                        <system value="http://snomed.info/sct"/>
                        <code value="900000000000013009"/>
                        <display value="Synonym"/>
                    </use>
                    <value value="nicht schwanger"/>
                </designation>
            </concept>
            <concept>
                <code value="261665006"/>
                <display value="Unknown (qualifier value)"/>
                <designation>
                    <language value="de-DE"/>
                    <use>
                        <system value="http://snomed.info/sct"/>
                        <code value="900000000000013009"/>
                        <display value="Synonym"/>
                    </use>
                    <value value="unbekannt"/>
                </designation>
            </concept>
        </include>
        <include>
            <system value="http://loinc.org"/>
            <concept>
                <code value="LA15173-0"/>
                <display value="Pregnant"/>
            </concept>
            <concept>
                <code value="LA26683-5"/>
                <display value="Not pregnant"/>
            </concept>
            <concept>
                <code value="LA4489-6"/>
                <display value="Unknown"/>
            </concept>
        </include>
    </compose>
</ValueSet>