{
	"resourceType": "Procedure",
	"id": "ccbf6e11-aa1c-497b-8b4c-da00cdf8dd70",
	"meta": {
		"profile": [
			"https://www.netzwerk-universitaetsmedizin.de/fhir/StructureDefinition/prone-position"
		]
	},
	"status": "completed",
	"category": {
		"coding": [
			{
				"system": "http://snomed.info/sct",
				"code": "225287004",
				"display": "Procedures relating to positioning and support (procedure)"
			}
		]
	},
	"code": {
		"coding": [
			{
				"system": "http://snomed.info/sct",
				"code": "431182000",
				"display": "Placing subject in prone position (procedure)"
			}
		],
		"text": "Prone position"
	},
	"subject": {
		"reference": "Patient/c786ac3c-0579-4aa2-adda-db784b214ad6"
	},
	"_performedDateTime": {
		"extension": [
			{
				"url": "http://hl7.org/fhir/StructureDefinition/data-absent-reason",
				"valueCode": "unknown"
			}
		]
	}
}