{
	"resourceType": "Procedure",
	"id": "f079c3cd-27da-44de-89c4-37cbefb98c99",
	"meta": {
		"profile": [
			"https://www.netzwerk-universitaetsmedizin.de/fhir/StructureDefinition/extracorporeal-membrane-oxygenation"
		]
	},
	"status": "unknown",
	"category": {
		"coding": [
			{
				"system": "http://snomed.info/sct",
				"code": "277132007",
				"display": "Therapeutic procedure (procedure)"
			}
		]
	},
	"code": {
		"coding": [
			{
				"system": "http://snomed.info/sct",
				"code": "233573008",
				"display": "Extracorporeal membrane oxygenation (procedure)"
			}
		],
		"text": "ECMO"
	},
	"subject": {
		"reference": "Patient/c786ac3c-0579-4aa2-adda-db784b214ad6"
	},
	"_performedDateTime": {
		"extension": [
			{
				"url": "http://hl7.org/fhir/StructureDefinition/data-absent-reason",
				"valueCode": "unknown"
			}
		]
	}
}