{
	"resourceType": "Procedure",
	"id": "example-dialysis-procedure-not-done",
	"meta": {
		"profile": [
			"https://www.netzwerk-universitaetsmedizin.de/fhir/StructureDefinition/dialysis"
		]
	},
	"status": "not-done",
	"category": {
		"coding": [
			{
				"system": "http://snomed.info/sct",
				"code": "277132007",
				"display": "Therapeutic procedure (procedure)"
			}
		]
	},
	"code": {
		"coding": [
			{
				"system": "http://snomed.info/sct",
				"code": "108241001",
				"display": "Dialysis procedure (procedure)"
			}
		]
	},
	"subject": {
		"reference": "Patient/example"
	},
	"_performedDateTime": {
		"extension": [
			{
				"url": "http://hl7.org/fhir/StructureDefinition/data-absent-reason",
				"valueCode": "not-performed"
			}
		]
	}
}