{
	"resourceType": "Procedure",
	"id": "8bdeab33-e12e-4927-b161-80d7ba8a1188",
	"meta": {
		"profile": [
			"https://www.netzwerk-universitaetsmedizin.de/fhir/StructureDefinition/extracorporeal-membrane-oxygenation"
		]
	},
	"status": "not-done",
	"category": {
		"coding": [
			{
				"system": "http://snomed.info/sct",
				"code": "277132007",
				"display": "Therapeutic procedure (procedure)"
			}
		]
	},
	"code": {
		"coding": [
			{
				"system": "http://snomed.info/sct",
				"code": "233573008",
				"display": "Extracorporeal membrane oxygenation (procedure)"
			}
		],
		"text": "ECMO"
	},
	"subject": {
		"reference": "Patient/c786ac3c-0579-4aa2-adda-db784b214ad6"
	},
	"_performedDateTime": {
		"extension": [
			{
				"url": "http://hl7.org/fhir/StructureDefinition/data-absent-reason",
				"valueCode": "not-performed"
			}
		]
	}
}