{
	"resourceType": "Procedure",
	"id": "cc098597-64e0-45c5-988e-fa49bb8d80f2",
	"meta": {
		"profile": [
			"https://www.netzwerk-universitaetsmedizin.de/fhir/StructureDefinition/respiratory-therapies"
		]
	},
	"status": "in-progress",
	"category": {
		"coding": [
			{
				"system": "http://snomed.info/sct",
				"code": "277132007",
				"display": "Therapeutic procedure (procedure)"
			}
		]
	},
	"code": {
		"coding": [
			{
				"system": "http://snomed.info/sct",
				"code": "40617009",
				"display": "Artificial respiration (procedure)"
			}
		],
		"text": "Invasive ventilation (Tracheotomy)"
	},
	"subject": {
		"reference": "Patient/c786ac3c-0579-4aa2-adda-db784b214ad6"
	},
	"_performedDateTime": {
		"extension": [
			{
				"url": "http://hl7.org/fhir/StructureDefinition/data-absent-reason",
				"valueCode": "unknown"
			}
		]
	},
	"usedCode": [
		{
			"coding": [
				{
					"system": "http://snomed.info/sct",
					"code": "129121000",
					"display": "Tracheostomy tube, device (physical object)"
				}
			]
		}
	]
}