<?xml version="1.0" encoding="utf-8"?>
<StructureDefinition xmlns="http://hl7.org/fhir">
  <id value="gecco-observation-sars-cov-2-ab-pnl-ser-pl-ia" />
  <url value="https://www.netzwerk-universitaetsmedizin.de/fhir/StructureDefinition/sars-cov-2-ab-pnl-ser-pl-ia" />
  <version value="1.0.4" />
  <name value="SarsCoV2AbPnlSerPlIA" />
  <title value="SARS-CoV-2 (COVID-19) Ab panel - Serum or Plasma by Immunoassay" />
  <status value="active" />
  <date value="2021-05-31" />
  <publisher value="Charité" />
  <contact>
    <telecom>
      <system value="url" />
      <value value="https://www.bihealth.org/en/research/core-facilities/interoperability/" />
    </telecom>
  </contact>
  <description value="SARS-CoV-2 (COVID-19) Ab panel - Serum or Plasma by Immunoassay" />
  <fhirVersion value="4.0.1" />
  <kind value="resource" />
  <abstract value="false" />
  <type value="Observation" />
  <baseDefinition value="http://hl7.org/fhir/StructureDefinition/Observation" />
  <derivation value="constraint" />
  <differential>
    <element id="Observation.meta">
      <path value="Observation.meta" />
    </element>
    <element id="Observation.meta.source">
      <path value="Observation.meta.source" />
      <mustSupport value="true" />
    </element>
    <element id="Observation.meta.profile">
      <path value="Observation.meta.profile" />
      <mustSupport value="true" />
    </element>
    <element id="Observation.identifier">
      <path value="Observation.identifier" />
      <slicing>
        <discriminator>
          <type value="pattern" />
          <path value="type" />
        </discriminator>
        <rules value="open" />
      </slicing>
      <min value="1" />
      <mustSupport value="true" />
    </element>
    <element id="Observation.identifier:analyseBefundCode">
      <path value="Observation.identifier" />
      <sliceName value="analyseBefundCode" />
      <min value="1" />
      <max value="1" />
      <mustSupport value="true" />
    </element>
    <element id="Observation.identifier:analyseBefundCode.type">
      <path value="Observation.identifier.type" />
      <min value="1" />
      <patternCodeableConcept>
        <coding>
          <system value="http://terminology.hl7.org/CodeSystem/v2-0203" />
          <code value="OBI" />
        </coding>
      </patternCodeableConcept>
      <mustSupport value="true" />
    </element>
    <element id="Observation.identifier:analyseBefundCode.type.coding">
      <path value="Observation.identifier.type.coding" />
      <slicing>
        <discriminator>
          <type value="value" />
          <path value="system" />
        </discriminator>
        <rules value="open" />
      </slicing>
      <min value="1" />
      <mustSupport value="true" />
    </element>
    <element id="Observation.identifier:analyseBefundCode.type.coding:observationInstanceV2">
      <path value="Observation.identifier.type.coding" />
      <sliceName value="observationInstanceV2" />
      <min value="1" />
      <max value="1" />
      <mustSupport value="true" />
    </element>
    <element id="Observation.identifier:analyseBefundCode.type.coding:observationInstanceV2.system">
      <path value="Observation.identifier.type.coding.system" />
      <min value="1" />
      <fixedUri value="http://terminology.hl7.org/CodeSystem/v2-0203" />
      <mustSupport value="true" />
    </element>
    <element id="Observation.identifier:analyseBefundCode.type.coding:observationInstanceV2.code">
      <path value="Observation.identifier.type.coding.code" />
      <min value="1" />
      <fixedCode value="OBI" />
      <mustSupport value="true" />
    </element>
    <element id="Observation.identifier:analyseBefundCode.system">
      <path value="Observation.identifier.system" />
      <min value="1" />
      <mustSupport value="true" />
    </element>
    <element id="Observation.identifier:analyseBefundCode.value">
      <path value="Observation.identifier.value" />
      <min value="1" />
      <mustSupport value="true" />
    </element>
    <element id="Observation.identifier:analyseBefundCode.assigner">
      <path value="Observation.identifier.assigner" />
      <min value="1" />
      <type>
        <code value="Reference" />
        <profile value="https://www.medizininformatik-initiative.de/fhir/core/StructureDefinition/MII-Reference" />
      </type>
      <mustSupport value="true" />
    </element>
    <element id="Observation.status">
      <path value="Observation.status" />
      <mustSupport value="true" />
    </element>
    <element id="Observation.category">
      <path value="Observation.category" />
      <min value="1" />
      <max value="1" />
      <mustSupport value="true" />
    </element>
    <element id="Observation.category.coding">
      <path value="Observation.category.coding" />
      <slicing>
        <discriminator>
          <type value="pattern" />
          <path value="system" />
        </discriminator>
        <discriminator>
          <type value="pattern" />
          <path value="code" />
        </discriminator>
        <rules value="open" />
      </slicing>
      <min value="2" />
      <mustSupport value="true" />
    </element>
    <element id="Observation.category.coding:loinc-observation">
      <path value="Observation.category.coding" />
      <sliceName value="loinc-observation" />
      <min value="1" />
      <mustSupport value="true" />
    </element>
    <element id="Observation.category.coding:loinc-observation.system">
      <path value="Observation.category.coding.system" />
      <min value="1" />
      <patternUri value="http://loinc.org" />
      <mustSupport value="true" />
    </element>
    <element id="Observation.category.coding:loinc-observation.code">
      <path value="Observation.category.coding.code" />
      <min value="1" />
      <patternCode value="26436-6" />
      <mustSupport value="true" />
    </element>
    <element id="Observation.category.coding:observation-category">
      <path value="Observation.category.coding" />
      <sliceName value="observation-category" />
      <min value="1" />
      <max value="1" />
      <mustSupport value="true" />
    </element>
    <element id="Observation.category.coding:observation-category.system">
      <path value="Observation.category.coding.system" />
      <min value="1" />
      <patternUri value="http://terminology.hl7.org/CodeSystem/observation-category" />
      <mustSupport value="true" />
    </element>
    <element id="Observation.category.coding:observation-category.code">
      <path value="Observation.category.coding.code" />
      <min value="1" />
      <patternCode value="laboratory" />
      <mustSupport value="true" />
    </element>
    <element id="Observation.code">
      <path value="Observation.code" />
      <mustSupport value="true" />
      <binding>
        <strength value="preferred" />
        <description value="Intensional Value Set Definition: LOINC {  {    STATUS in {ACTIVE}    CLASSTYPE in {1}    CLASS exclude {CHALSKIN, H&amp;P.HX.LAB, H&amp;P.HX, NR STATS, PATH.PROTOCOLS.*}  } }" />
        <valueSet value="http://hl7.org/fhir/uv/ips/ValueSet/laboratory-tests-and-panels-uv-ips" />
      </binding>
    </element>
    <element id="Observation.code.coding">
      <path value="Observation.code.coding" />
      <slicing>
        <discriminator>
          <type value="pattern" />
          <path value="$this" />
        </discriminator>
        <rules value="open" />
      </slicing>
      <min value="1" />
      <mustSupport value="true" />
    </element>
    <element id="Observation.code.coding:loinc">
      <path value="Observation.code.coding" />
      <sliceName value="loinc" />
      <min value="1" />
      <max value="1" />
      <patternCoding>
        <system value="http://loinc.org" />
        <code value="94504-8" />
      </patternCoding>
    </element>
    <element id="Observation.code.coding:loinc.system">
      <path value="Observation.code.coding.system" />
      <min value="1" />
    </element>
    <element id="Observation.code.coding:loinc.code">
      <path value="Observation.code.coding.code" />
      <min value="1" />
    </element>
    <element id="Observation.subject">
      <path value="Observation.subject" />
      <min value="1" />
      <type>
        <code value="Reference" />
        <profile value="https://www.medizininformatik-initiative.de/fhir/core/StructureDefinition/MII-Reference" />
        <targetProfile value="http://hl7.org/fhir/StructureDefinition/Patient" />
        <targetProfile value="http://hl7.org/fhir/StructureDefinition/Group" />
      </type>
      <mustSupport value="true" />
    </element>
    <element id="Observation.encounter">
      <path value="Observation.encounter" />
      <mustSupport value="true" />
    </element>
    <element id="Observation.effective[x]">
      <path value="Observation.effective[x]" />
      <min value="1" />
      <type>
        <code value="dateTime" />
      </type>
      <constraint>
        <key value="mii-lab-1" />
        <severity value="error" />
        <human value="Datetime must be at least to day" />
        <expression value="($this as dateTime).hasValue() implies ($this as dateTime).toString().length() &gt;= 8" />
        <source value="https://www.medizininformatik-initiative.de/fhir/core/modul-labor/StructureDefinition/ObservationLab" />
      </constraint>
      <mustSupport value="true" />
    </element>
    <element id="Observation.issued">
      <path value="Observation.issued" />
      <mustSupport value="true" />
    </element>
    <element id="Observation.value[x]">
      <path value="Observation.value[x]" />
      <max value="0" />
    </element>
    <element id="Observation.interpretation">
      <path value="Observation.interpretation" />
      <mustSupport value="true" />
    </element>
    <element id="Observation.note">
      <path value="Observation.note" />
      <mustSupport value="true" />
    </element>
    <element id="Observation.bodySite">
      <path value="Observation.bodySite" />
      <max value="0" />
    </element>
    <element id="Observation.method">
      <path value="Observation.method" />
      <mustSupport value="true" />
    </element>
    <element id="Observation.specimen">
      <path value="Observation.specimen" />
      <mustSupport value="true" />
    </element>
    <element id="Observation.specimen.reference">
      <path value="Observation.specimen.reference" />
      <mustSupport value="true" />
    </element>
    <element id="Observation.specimen.identifier">
      <path value="Observation.specimen.identifier" />
      <mustSupport value="true" />
    </element>
    <element id="Observation.device">
      <path value="Observation.device" />
      <mustSupport value="true" />
    </element>
    <element id="Observation.referenceRange">
      <path value="Observation.referenceRange" />
      <mustSupport value="true" />
    </element>
    <element id="Observation.hasMember">
      <path value="Observation.hasMember" />
      <type>
        <code value="Reference" />
        <targetProfile value="http://hl7.org/fhir/StructureDefinition/Observation" />
        <targetProfile value="http://hl7.org/fhir/StructureDefinition/QuestionnaireResponse" />
        <targetProfile value="https://www.netzwerk-universitaetsmedizin.de/fhir/StructureDefinition/sars-cov-2-ab-ser-pl-ia-acnc" />
        <targetProfile value="https://www.netzwerk-universitaetsmedizin.de/fhir/StructureDefinition/sars-cov-2-ab-ser-pl-ql-ia" />
        <targetProfile value="https://www.netzwerk-universitaetsmedizin.de/fhir/StructureDefinition/sars-cov-2-iga-ser-pl-ia-acnc" />
        <targetProfile value="https://www.netzwerk-universitaetsmedizin.de/fhir/StructureDefinition/sars-cov-2-iga-ser-pl-ql-ia" />
        <targetProfile value="https://www.netzwerk-universitaetsmedizin.de/fhir/StructureDefinition/sars-cov-2-igm-ser-pl-ia-acnc" />
        <targetProfile value="https://www.netzwerk-universitaetsmedizin.de/fhir/StructureDefinition/sars-cov-2-igm-ser-pl-ql-ia" />
        <targetProfile value="https://www.netzwerk-universitaetsmedizin.de/fhir/StructureDefinition/sars-cov-2-igg-ser-pl-ia-acnc" />
        <targetProfile value="https://www.netzwerk-universitaetsmedizin.de/fhir/StructureDefinition/sars-cov-2-igg-ser-pl-ql-ia" />
      </type>
      <mustSupport value="true" />
    </element>
  </differential>
</StructureDefinition>