<?xml version="1.0" encoding="utf-8"?>
<StructureDefinition xmlns="http://hl7.org/fhir">
  <id value="gecco-observation-smoking-status" />
  <url value="https://www.netzwerk-universitaetsmedizin.de/fhir/StructureDefinition/smoking-status" />
  <version value="1.0" />
  <name value="SmokingStatus" />
  <title value="Smoking Status" />
  <status value="active" />
  <date value="2020-10-29" />
  <publisher value="Charité" />
  <contact>
    <telecom>
      <system value="url" />
      <value value="https://www.bihealth.org/en/research/core-facilities/interoperability/" />
    </telecom>
  </contact>
  <description value="Tobacco use assessment" />
  <kind value="resource" />
  <abstract value="false" />
  <type value="Observation" />
  <baseDefinition value="http://hl7.org/fhir/StructureDefinition/Observation" />
  <derivation value="constraint" />
  <differential>
    <element id="Observation">
      <path value="Observation" />
      <mustSupport value="true" />
    </element>
    <element id="Observation.code">
      <path value="Observation.code" />
      <patternCodeableConcept>
        <coding>
          <system value="http://loinc.org" />
          <code value="72166-2" />
        </coding>
      </patternCodeableConcept>
      <mustSupport value="true" />
    </element>
    <element id="Observation.subject">
      <path value="Observation.subject" />
      <min value="1" />
      <type>
        <code value="Reference" />
        <targetProfile value="http://hl7.org/fhir/StructureDefinition/Patient" />
      </type>
      <mustSupport value="true" />
    </element>
    <element id="Observation.subject.reference">
      <path value="Observation.subject.reference" />
      <min value="1" />
      <mustSupport value="true" />
    </element>
    <element id="Observation.effective[x]">
      <path value="Observation.effective[x]" />
      <min value="1" />
      <type>
        <code value="dateTime" />
      </type>
      <mustSupport value="true" />
    </element>
    <element id="Observation.effective[x].extension">
      <path value="Observation.effective[x].extension" />
      <slicing>
        <discriminator>
          <type value="value" />
          <path value="url" />
        </discriminator>
        <rules value="open" />
      </slicing>
    </element>
    <element id="Observation.effective[x].extension:dataAbsentReason">
      <path value="Observation.effective[x].extension" />
      <sliceName value="dataAbsentReason" />
      <short value="effective[x] absence reason" />
      <definition value="Provides a reason why the effectiveTime is missing." />
      <type>
        <code value="Extension" />
        <profile value="http://hl7.org/fhir/StructureDefinition/data-absent-reason" />
      </type>
      <mustSupport value="true" />
    </element>
    <element id="Observation.value[x]">
      <path value="Observation.value[x]" />
      <slicing>
        <discriminator>
          <type value="type" />
          <path value="$this" />
        </discriminator>
        <rules value="open" />
      </slicing>
      <type>
        <code value="CodeableConcept" />
      </type>
      <mustSupport value="true" />
    </element>
    <element id="Observation.value[x]:valueCodeableConcept">
      <path value="Observation.value[x]" />
      <sliceName value="valueCodeableConcept" />
      <type>
        <code value="CodeableConcept" />
      </type>
      <binding>
        <strength value="required" />
        <description value="Smoking status codes" />
        <valueSet value="https://www.netzwerk-universitaetsmedizin.de/fhir/ValueSet/smoking-status" />
      </binding>
    </element>
    <element id="Observation.component">
      <path value="Observation.component" />
      <max value="0" />
      <mustSupport value="false" />
    </element>
  </differential>
</StructureDefinition>