<ValueSet xmlns="http://hl7.org/fhir">
    <id value="1.2.276.0.76.11.541--20200918121718"/>
    <meta>
        <profile value="http://hl7.org/fhir/StructureDefinition/shareablevalueset"/><!--<profile value="http://hl7.org/fhir/4.0/StructureDefinition/ValueSet"/>-->
    </meta>
    <extension url="http://hl7.org/fhir/StructureDefinition/resource-effectivePeriod">
        <valuePeriod>
            <start value="2020-09-18T12:17:18+02:00"/>
        </valuePeriod>
    </extension>
    <url value="https://www.netzwerk-universitaetsmedizin.de/fhir/ValueSet/therapeutic-intent"/>
    <identifier>
        <use value="official"/>
        <system value="http://art-decor.org/ns/oids/vs"/>
        <value value="1.2.276.0.76.11.541"/>
    </identifier>
    <version value="1.0"/>
    <name value="TherapeuticIntent"/>
    <title value="Therapeutic Intent"/>
    <status value="active"/>
    <experimental value="false"/>
    <publisher value="Charité"/>
    <description value="The therapeutic intent why a medication is taken or administered."/>
    <immutable value="false"/>
    <copyright value="This artefact includes content from SNOMED Clinical Terms® (SNOMED CT®) which is copyright of the International Health Terminology Standards Development Organisation (IHTSDO). Implementers of these artefacts must have the appropriate SNOMED CT Affiliate license - for more information contact http://www.snomed.org/snomed-ct/getsnomed-ct or info@snomed.org."/>
    <compose>
        <include>
            <system value="http://snomed.info/sct"/>
            <concept>
                <code value="421974008"/>
                <display value="Adjunct - intent (qualifier value)"/>
            </concept>
            <concept>
                <code value="373846009"/>
                <display value="Adjuvant - intent (qualifier value)"/>
            </concept>
            <concept>
                <code value="373808002"/>
                <display value="Curative - procedure intent (qualifier value)"/>
            </concept>
            <concept>
                <code value="373847000"/>
                <display value="Neo-adjuvant - intent (qualifier value)"/>
            </concept>
            <concept>
                <code value="360271000"/>
                <display value="Prophylaxis - procedure intent (qualifier value)"/>
            </concept>
            <concept>
                <code value="399707004"/>
                <display value="Supportive - procedure intent (qualifier value)"/>
            </concept>
        </include>
    </compose>
</ValueSet>