<?xml version="1.0" encoding="utf-8"?>
<StructureDefinition xmlns="http://hl7.org/fhir">
  <id value="gecco-extension-condition-uncertainty-of-presence" />
  <url value="https://www.netzwerk-universitaetsmedizin.de/fhir/StructureDefinition/uncertainty-of-presence" />
  <version value="1.0" />
  <name value="UncertaintyOfPresence" />
  <title value="Uncertainty Of Presence" />
  <status value="active" />
  <date value="2020-10-29" />
  <publisher value="Charité" />
  <contact>
    <telecom>
      <system value="url" />
      <value value="https://www.bihealth.org/en/research/core-facilities/interoperability/" />
    </telecom>
  </contact>
  <description value="Captures the uncertainty of the existence of a condition." />
  <fhirVersion value="4.0.1" />
  <mapping>
    <identity value="rim" />
    <uri value="http://hl7.org/v3" />
    <name value="RIM Mapping" />
  </mapping>
  <kind value="complex-type" />
  <abstract value="false" />
  <context>
    <type value="element" />
    <expression value="Condition" />
  </context>
  <type value="Extension" />
  <baseDefinition value="http://hl7.org/fhir/StructureDefinition/Extension" />
  <derivation value="constraint" />
  <differential>
    <element id="Extension">
      <path value="Extension" />
      <short value="Uncertainty of presence" />
      <definition value="Extension used on a condition resource if the presence of the condition is unknown." />
      <isModifier value="true" />
      <isModifierReason value="Modifies the meaning of the presence of a condition to being unknown." />
    </element>
    <element id="Extension.url">
      <path value="Extension.url" />
      <fixedUri value="https://www.netzwerk-universitaetsmedizin.de/fhir/StructureDefinition/uncertainty-of-presence" />
    </element>
    <element id="Extension.value[x]">
      <path value="Extension.value[x]" />
      <slicing>
        <discriminator>
          <type value="type" />
          <path value="$this" />
        </discriminator>
        <rules value="open" />
      </slicing>
      <min value="1" />
      <type>
        <code value="CodeableConcept" />
      </type>
    </element>
    <element id="Extension.value[x]:valueCodeableConcept">
      <path value="Extension.value[x]" />
      <sliceName value="valueCodeableConcept" />
      <type>
        <code value="CodeableConcept" />
      </type>
    </element>
    <element id="Extension.value[x]:valueCodeableConcept.coding">
      <path value="Extension.value[x].coding" />
      <min value="1" />
      <max value="1" />
    </element>
    <element id="Extension.value[x]:valueCodeableConcept.coding.system">
      <path value="Extension.value[x].coding.system" />
      <min value="1" />
      <fixedUri value="http://snomed.info/sct" />
    </element>
    <element id="Extension.value[x]:valueCodeableConcept.coding.code">
      <path value="Extension.value[x].coding.code" />
      <min value="1" />
      <fixedCode value="261665006" />
    </element>
  </differential>
</StructureDefinition>