<ValueSet xmlns="http://hl7.org/fhir">
    <id value="1.2.276.0.76.11.542--20201012161158"/>
    <meta>
        <profile value="http://hl7.org/fhir/StructureDefinition/shareablevalueset"/><!--<profile value="http://hl7.org/fhir/4.0/StructureDefinition/ValueSet"/>-->
    </meta>
    <extension url="http://hl7.org/fhir/StructureDefinition/resource-effectivePeriod">
        <valuePeriod>
            <start value="2020-10-12T16:11:58+02:00"/>
        </valuePeriod>
    </extension>
    <url value="https://www.netzwerk-universitaetsmedizin.de/fhir/ValueSet/verification-status"/>
    <identifier>
        <use value="official"/>
        <system value="http://art-decor.org/ns/oids/vs"/>
        <value value="1.2.276.0.76.11.542"/>
    </identifier>
    <version value="1.0"/>
    <name value="ConditionVerificationStatusSNOMED"/>
    <title value="ConditionVerificationStatus SNOMED"/>
    <status value="active"/>
    <experimental value="false"/>
    <publisher value="Charité"/>
    <description value="Condition.verificationStatus Codes"/>
    <immutable value="false"/>
    <copyright value="This artefact includes content from SNOMED Clinical Terms® (SNOMED CT®) which is copyright of the International Health Terminology Standards Development Organisation (IHTSDO). Implementers of these artefacts must have the appropriate SNOMED CT Affiliate license - for more information contact http://www.snomed.org/snomed-ct/getsnomed-ct or info@snomed.org."/>
    <compose>
        <include>
            <system value="http://snomed.info/sct"/>
            <concept>
                <code value="410605003"/>
                <display value="Confirmed present (qualifier value)"/>
            </concept>
            <concept>
                <code value="410594000"/>
                <display value="Definitely NOT present (qualifier value)"/>
            </concept>
        </include>
    </compose>
</ValueSet>