<ValueSet xmlns="http://hl7.org/fhir">
    <id value="1.2.276.0.76.11.511--20200513095116"/>
    <meta>
        <profile value="http://hl7.org/fhir/StructureDefinition/shareablevalueset"/><!--<profile value="http://hl7.org/fhir/4.0/StructureDefinition/ValueSet"/>-->
    </meta>
    <extension url="http://hl7.org/fhir/StructureDefinition/resource-effectivePeriod">
        <valuePeriod>
            <start value="2020-05-13T09:51:16+02:00"/>
        </valuePeriod>
    </extension>
    <url value="https://www.netzwerk-universitaetsmedizin.de/fhir/ValueSet/yes-no-unknown-other-na"/>
    <identifier>
        <use value="official"/>
        <system value="http://art-decor.org/ns/oids/vs"/>
        <value value="1.2.276.0.76.11.511"/>
    </identifier>
    <version value="1.0"/>
    <name value="YesNoUnknownOtherNa"/>
    <title value="Yes-No-Unknown-Other-Na"/>
    <status value="active"/>
    <experimental value="false"/>
    <publisher value="Charité"/>
    <description value="Yes/No/Unknown/Other/Na response options"/>
    <immutable value="false"/>
    <copyright value="This artefact includes content from SNOMED Clinical Terms® (SNOMED CT®) which is copyright of the International Health Terminology Standards Development Organisation (IHTSDO). Implementers of these artefacts must have the appropriate SNOMED CT Affiliate license - for more information contact http://www.snomed.org/snomed-ct/getsnomed-ct or info@snomed.org."/>
    <compose>
        <include>
            <system value="http://snomed.info/sct"/>
            <concept>
                <code value="373066001"/>
                <display value="Yes (qualifier value)"/>
            </concept>
            <concept>
                <code value="373067005"/>
                <display value="No (qualifier value)"/>
            </concept>
            <concept>
                <code value="261665006"/>
                <display value="Unknown (qualifier value)"/>
            </concept>
            <concept>
                <code value="74964007"/>
                <display value="Other (qualifier value)"/>
            </concept>
            <concept>
                <code value="385432009"/>
                <display value="Not applicable (qualifier value)"/>
            </concept>
        </include>
    </compose>
</ValueSet>